gene_id	Name	gene_id_known	known	n_ss	transcript_novelty	gene_novelty	n_genes	n_genes_no_rt	Name_supp	n_supp_ss	gene_id_known_rt	Name_supp_rt	n_supp_ss_rt	gid	n_supp_total_ss	n_supp_total_ss_rt	perc_supp_ss	perc_supp_ss_rt	perc_supp_annot_ss	perc_supp_annot_ss_rt	perc_supp_diff	perc_supp_annot_diff	Start	End	Chromosome	Strand	gene_id_known_End_dist	gene_id_known_Start_dist	gene_id_known_rt_End_dist	gene_id_known_rt_Start_dist	gene_id_known_End_dist_abs	gene_id_known_Start_dist_abs	gene_id_known_rt_End_dist_abs	gene_id_known_rt_Start_dist_abs	fix_needed
ENSG00000285641.1	TALONT001122495	ENSG00000143543	True	10	ISM	Known	3	1.0	ENSG00000143543_6	8.0	ENSG00000285641	ENSG00000285641_1	6	ENSG00000285641	8.0	22	80.0	60.0	100.0	27.27272727272727	20.0	72.72727272727273	153974268	153977655	chr1	-	2	0	-8593	-1581	2	0	8593	1581	
ENSG00000120948.17	TALONT000431066	ENSG00000277726	True	14	NIC	Known	2	1.0	ENSG00000277726_1	14.0	ENSG00000120948	ENSG00000120948_10	11	ENSG00000120948	18.0	14	100.0	78.57142857142857	77.77777777777779	78.57142857142857	21.42857142857143	-0.7936507936507837	11012621	11025492	chr1	+	4940	40	-2	0	4940	40	2	0	
ENSG00000120948.17	TALONT000431076	ENSG00000277726	True	12	ISM	Known	2	1.0	ENSG00000277726_1	12.0	ENSG00000120948	ENSG00000120948_10	11	ENSG00000120948	18.0	14	100.0	91.66666666666666	66.66666666666666	78.57142857142857	8.333333333333343	-11.904761904761912	11012621	11024184	chr1	+	6248	40	-1	0	6248	40	1	0	
ENSG00000120948.17	TALONT000431147	ENSG00000277726	True	12	NIC	Known	2	1.0	ENSG00000277726_1	11.0	ENSG00000120948	ENSG00000120948_3	11	ENSG00000120948	18.0	12	91.66666666666666	91.66666666666666	61.111111111111114	91.66666666666666	0.0	-30.555555555555543	11012652	11024043	chr1	+	6389	9	-2	0	6389	9	2	0	no
ENSG00000120948.17	TALONT000431260	ENSG00000277726	True	12	NIC	Known	2	1.0	ENSG00000277726_1	12.0	ENSG00000120948	ENSG00000120948_2	10	ENSG00000120948	18.0	10	100.0	83.33333333333334	66.66666666666666	100.0	16.666666666666657	-33.33333333333334	11012652	11025492	chr1	+	4940	9	-2	0	4940	9	2	0	
ENSG00000120948.17	TALONT000431429	ENSG00000277726	True	8	ISM	Known	2	1.0	ENSG00000277726_1	8.0	ENSG00000120948	ENSG00000120948_2	8	ENSG00000120948	18.0	10	100.0	100.0	44.44444444444444	80.0	0.0	-35.55555555555556	11012652	11024043	chr1	+	6389	9	-2	0	6389	9	2	0	no
ENSG00000120948.17	TALONT000431769	ENSG00000277726	True	12	NIC	Known	2	1.0	ENSG00000277726_1	10.0	ENSG00000120948	ENSG00000120948_12	10	ENSG00000120948	18.0	12	83.33333333333334	83.33333333333334	55.55555555555556	83.33333333333334	0.0	-27.777777777777786	11012653	11024043	chr1	+	6389	8	-2	0	6389	8	2	0	
ENSG00000120948.17	TALONT000433356	ENSG00000277726	True	6	ISM	Known	2	1.0	ENSG00000277726_1	6.0	ENSG00000120948	ENSG00000120948_5	6	ENSG00000120948	18.0	10	100.0	100.0	33.33333333333333	60.0	0.0	-26.66666666666667	11016860	11024043	chr1	+	6389	3645	-2	-2	6389	3645	2	2	
ENSG00000120948.17	TALONT000433367	ENSG00000277726	True	4	ISM	Known	2	1.0	ENSG00000277726_1	4.0	ENSG00000120948	ENSG00000120948_6	4	ENSG00000120948	18.0	10	100.0	100.0	22.22222222222222	40.0	0.0	-17.77777777777778	11018779	11024043	chr1	+	6389	1726	-2	0	6389	1726	2	0	
ENSG00000120948.17	TALONT000433378	ENSG00000277726	True	2	ISM	Known	2	1.0	ENSG00000277726_2	2.0	ENSG00000120948	ENSG00000120948_1	2	ENSG00000120948	8.0	10	100.0	100.0	25.0	20.0	0.0	5.0	11020432	11024043	chr1	+	6389	73	-2	0	6389	73	2	0	no
ENSG00000283580.3	TALONT000792848	ENSG00000164008	True	6	NIC	Known	2	1.0	ENSG00000164008_1	6.0	ENSG00000283580	ENSG00000283580_2	4	ENSG00000283580	8.0	4	100.0	66.66666666666666	75.0	100.0	33.33333333333334	-25.0	42767291	42775759	chr1	+	-333	-23	-2	0	333	23	2	0	
ENSG00000259030.7	TALONT000930061	ENSG00000116783	True	34	NIC	Known	2	1.0	ENSG00000116783_1	33.0	ENSG00000259030	ENSG00000259030_5	32	ENSG00000259030	48.0	58	97.05882352941177	94.11764705882352	68.75	55.172413793103445	2.941176470588246	13.577586206896555	74235400	74418346	chr1	+	-2	0	-42500	-37137	2	0	42500	37137	yes
ENSG00000259030.7	TALONT000930071	ENSG00000116783	True	42	NIC	Known	2	1.0	ENSG00000116783_1	41.0	ENSG00000259030	ENSG00000259030_4	41	ENSG00000259030	48.0	46	97.61904761904762	97.61904761904762	85.41666666666666	89.13043478260869	0.0	-3.713768115942031	74235400	74464925	chr1	+	-1378	0	-2	-37137	1378	0	2	37137	yes
ENSG00000259030.7	TALONT000930083	ENSG00000116783	True	36	ISM	Known	2	1.0	ENSG00000116783_1	36.0	ENSG00000259030	ENSG00000259030_1	35	ENSG00000259030	48.0	52	100.0	97.22222222222221	75.0	67.3076923076923	2.7777777777777857	7.692307692307693	74235400	74436879	chr1	+	2662	0	28048	-37137	2662	0	28048	37137	yes
ENSG00000283761.1	TALONT000983329	ENSG00000156875	True	24	ISM	Known	2	1.0	ENSG00000156875_1	22.0	ENSG00000283761	ENSG00000283761_3	23	ENSG00000283761	22.0	38	91.66666666666666	95.83333333333334	100.0	60.526315789473685	-4.166666666666686	39.473684210526315	100038096	100083321	chr1	+	58	0	-2	-68016	58	0	2	68016	yes
ENSG00000283761.1	TALONT000983339	ENSG00000156875	True	20	NIC	Known	2	1.0	ENSG00000156875_1	20.0	ENSG00000283761	ENSG00000283761_2	19	ENSG00000283761	22.0	30	100.0	95.0	90.9090909090909	63.33333333333333	5.0	27.575757575757578	100038096	100083321	chr1	+	58	0	-2	-68016	58	0	2	68016	yes
ENSG00000259030.7	TALONT001699259	ENSG00000116783	True	34	NIC	Known	2	1.0	ENSG00000116783_1	33.0	ENSG00000259030	ENSG00000259030_4	32	ENSG00000259030	48.0	46	97.05882352941177	94.11764705882352	68.75	69.56521739130434	2.941176470588246	-0.8152173913043441	74235400	74375848	chr1	+	-2	0	-2	-37137	2	0	2	37137	yes
ENSG00000259030.7	TALONT001699272	ENSG00000116783	True	34	NIC	Known	2	1.0	ENSG00000116783_1	33.0	ENSG00000259030	ENSG00000259030_5	32	ENSG00000259030	48.0	58	97.05882352941177	94.11764705882352	68.75	55.172413793103445	2.941176470588246	13.577586206896555	74235400	74416873	chr1	+	1475	0	-41027	-37137	1475	0	41027	37137	yes
ENSG00000283761.1	TALONT002452026	ENSG00000156875	True	22	ISM	Known	2	1.0	ENSG00000156875_1	21.0	ENSG00000283761	ENSG00000283761_8	21	ENSG00000283761	22.0	34	95.45454545454545	95.45454545454545	95.45454545454545	61.76470588235294	0.0	33.68983957219251	100047139	100083321	chr1	+	58	-9043	-2	-77059	58	9043	2	77059	yes
ENSG00000254929.6	TALONT000377473	ENSG00000251079	True	6	ISM	Known	2	1.0	ENSG00000251079_1	4.0	ENSG00000254929	ENSG00000254929_2	6	ENSG00000254929	14.0	16	66.66666666666666	100.0	28.57142857142857	37.5	-33.33333333333334	-8.92857142857143	47546212	47553514	chr10	-	1562	6136	2	22855	1562	6136	2	22855	
ENSG00000285932.1	TALONT000636819	ENSG00000014919	True	16	ISM	Known	2	1.0	ENSG00000014919_1	15.0	ENSG00000285932	ENSG00000285932_1	14	ENSG00000285932	16.0	24	93.75	87.5	93.75	58.333333333333336	6.25	35.416666666666664	99694617	99732112	chr10	-	14	-17226	2	43023	14	17226	2	43023	yes
ENSG00000255508.7	TALONT000948748	ENSG00000254772	True	18	ISM	Known	2	1.0	ENSG00000254772_1	17.0	ENSG00000255508	ENSG00000255508_3	18	ENSG00000255508	18.0	24	94.44444444444444	100.0	94.44444444444444	75.0	-5.555555555555557	19.444444444444443	62559602	62574908	chr11	-	824	0	-1946	0	824	0	1946	0	could go either way
ENSG00000234857.2	TALONT000965659	ENSG00000214753	True	14	ISM	Known	2	1.0	ENSG00000214753_1	14.0	ENSG00000234857	ENSG00000234857_1	14	ENSG00000234857	26.0	46	100.0	100.0	53.84615384615385	30.434782608695656	0.0	23.41137123745819	62721837	62727384	chr11	-	-90	-1026	2	31563	90	1026	2	31563	yes
ENSG00000256591.5	TALONT000908976	ENSG00000167985	True	6	NNC	Known	2	1.0	ENSG00000167985_1	5.0	ENSG00000256591	ENSG00000256591_2	5	ENSG00000256591	6.0	10	83.33333333333334	83.33333333333334	83.33333333333334	50.0	0.0	33.33333333333334	61430055	61473531	chr11	+	-26004	-14	-4817	0	26004	14	4817	0	
ENSG00000256591.5	TALONT000909041	ENSG00000167985	True	8	NIC	Known	2	1.0	ENSG00000167985_1	5.0	ENSG00000256591	ENSG00000256591_5	6	ENSG00000256591	6.0	6	62.5	75.0	83.33333333333334	100.0	-12.5	-16.666666666666657	61430055	61473531	chr11	+	-26004	-14	-4817	0	26004	14	4817	0	
ENSG00000256591.5	TALONT000909066	ENSG00000167985	True	2	NIC	Known	2	1.0	ENSG00000167985_8	1.0	ENSG00000256591	ENSG00000256591_7	1	ENSG00000256591	8.0	8	50.0	50.0	12.5	12.5	0.0	0.0	61430055	61473531	chr11	+	-26004	-14	-4817	0	26004	14	4817	0	
ENSG00000256591.5	TALONT000909203	ENSG00000167985	True	8	NIC	Known	2	1.0	ENSG00000167985_1	6.0	ENSG00000256591	ENSG00000256591_2	6	ENSG00000256591	6.0	10	75.0	75.0	100.0	60.0	0.0	40.0	61430120	61473531	chr11	+	-26004	3	-4817	0	26004	3	4817	0	
ENSG00000257069.6	TALONT000983726	ENSG00000182450	True	12	ISM	Known	2	1.0	ENSG00000182450_7	11.0	ENSG00000257069	ENSG00000257069_1	12	ENSG00000257069	12.0	20	91.66666666666666	100.0	91.66666666666666	60.0	-8.333333333333343	31.666666666666657	64291721	64300028	chr11	+	-2	10	4743	0	2	10	4743	0	
ENSG00000254445.1	TALONT001107701	ENSG00000149300	True	8	NNC	Known	2	1.0	ENSG00000149300_1	6.0	ENSG00000254445	ENSG00000254445_2	7	ENSG00000254445	6.0	8	75.0	87.5	100.0	87.5	-12.5	12.5	111913212	111926871	chr11	+	1	4819	-2	-471	1	4819	2	471	no
ENSG00000257069.6	TALONT001701586	ENSG00000182450	True	10	NIC	Known	2	1.0	ENSG00000182450_1	9.0	ENSG00000257069	ENSG00000257069_1	10	ENSG00000257069	12.0	20	90.0	100.0	75.0	50.0	-10.0	25.0	64291721	64300031	chr11	+	-2	10	4740	0	2	10	4740	0	
ENSG00000275778.2	TALONT000411570	ENSG00000212127	True	4	NIC	Known	3	1.0	ENSG00000212127_2	3.0	ENSG00000231887	ENSG00000231887_8	3	ENSG00000275778	8.0	8	75.0	75.0	37.5	37.5	0.0	0.0	10995347	11171608	chr12	-	37	57940	2	-10586	37	57940	2	10586	
ENSG00000257390.5	TALONT000737658	ENSG00000135392	True	12	ISM	Known	2	1.0	ENSG00000135392_3	12.0	ENSG00000257390	ENSG00000257390_1	10	ENSG00000257390	14.0	30	100.0	83.33333333333334	85.71428571428571	33.33333333333333	16.666666666666657	52.38095238095238	55820959	55830824	chr12	-	2	0	3280	17271	2	0	3280	17271	
ENSG00000255819.7	TALONT003471763	ENSG00000183542	True	10	NNC	Known	2	1.0	ENSG00000183542_1	6.0	ENSG00000255819	ENSG00000255819_12	9	ENSG00000255819	6.0	22	60.0	90.0	100.0	40.909090909090914	-30.0	59.090909090909086	10404488	10409549	chr12	-	-210	-2893	2	24723	210	2893	2	24723	
ENSG00000272917.1	TALONT000397359	ENSG00000256594	True	8	NNC	Known	3	1.0	ENSG00000256594_4	6.0	ENSG00000284634	ENSG00000284634_6	7	ENSG00000272917	8.0	8	75.0	87.5	75.0	87.5	-12.5	-12.5	9645239	9657070	chr12	+	19	2807	149	-10648	19	2807	149	10648	
ENSG00000272917.1	TALONT000397377	ENSG00000256594	True	6	NIC	Known	3	1.0	ENSG00000256594_1	5.0	ENSG00000284634	ENSG00000284634_6	5	ENSG00000272917	6.0	8	83.33333333333334	83.33333333333334	83.33333333333334	62.5	0.0	20.833333333333343	9645239	9657441	chr12	+	-356	2807	-2	-10648	356	2807	2	10648	
ENSG00000272917.1	TALONT000397394	ENSG00000256594	True	8	NIC	Known	3	1.0	ENSG00000256594_3	7.0	ENSG00000284634	ENSG00000284634_4	6	ENSG00000272917	8.0	8	87.5	75.0	87.5	75.0	12.5	12.5	9645239	9657070	chr12	+	19	2807	149	-10648	19	2807	149	10648	
ENSG00000258311.5	TALONT000732916	ENSG00000135441	True	8	NIC	Known	2	1.0	ENSG00000135441_1	6.0	ENSG00000258311	ENSG00000258311_1	5	ENSG00000258311	6.0	6	75.0	62.5	100.0	83.33333333333334	12.5	16.666666666666657	55709896	55719703	chr12	+	-2	6140	2093	6139	2	6140	2093	6139	
ENSG00000250709.1	TALONT000242447	ENSG00000242715	True	6	ISM	Known	2	1.0	ENSG00000242715_13	6.0	ENSG00000250709	ENSG00000250709_1	3	ENSG00000250709	8.0	30	100.0	50.0	75.0	10.0	50.0	65.0	36280056	36297842	chr13	-	4	0	2	111263	4	0	2	111263	
ENSG00000260669.2	TALONT000471602	ENSG00000213920	True	8	ISM	Known	3	1.0	ENSG00000213920_1	8.0	ENSG00000260669	ENSG00000260669_1	8	ENSG00000260669	10.0	18	100.0	100.0	80.0	44.44444444444444	0.0	35.55555555555556	24213942	24215987	chr14	-	-12	0	2	1204	12	0	2	1204	
ENSG00000259529.1	TALONT000466190	ENSG00000213928	True	18	ISM	Known	2	1.0	ENSG00000213928_2	16.0	ENSG00000259529	ENSG00000259529_1	16	ENSG00000259529	16.0	40	88.88888888888889	88.88888888888889	100.0	40.0	0.0	60.0	24161272	24166565	chr14	+	-2	0	839	-10055	2	0	839	10055	yes
ENSG00000259529.1	TALONT000466371	ENSG00000213928	True	12	ISM	Known	2	1.0	ENSG00000213928_9	12.0	ENSG00000259529	ENSG00000259529_1	12	ENSG00000259529	14.0	40	100.0	100.0	85.71428571428571	30.0	0.0	55.71428571428571	24161272	24166565	chr14	+	-2	0	839	-10055	2	0	839	10055	
ENSG00000259529.1	TALONT000466506	ENSG00000213928	True	14	NIC	Known	2	1.0	ENSG00000213928_1	14.0	ENSG00000259529	ENSG00000259529_1	14	ENSG00000259529	16.0	40	100.0	100.0	87.5	35.0	0.0	52.5	24161289	24166565	chr14	+	-2	0	839	-10072	2	0	839	10072	
ENSG00000259529.1	TALONT000466988	ENSG00000213928	True	16	NNC	Known	2	1.0	ENSG00000213928_1	15.0	ENSG00000259529	ENSG00000259529_1	15	ENSG00000259529	16.0	40	93.75	93.75	93.75	37.5	0.0	56.25	24161337	24166565	chr14	+	-2	-21	839	-10120	2	21	839	10120	yes
ENSG00000259529.1	TALONT000467068	ENSG00000213928	True	14	ISM	Known	2	1.0	ENSG00000213928_1	14.0	ENSG00000259529	ENSG00000259529_1	14	ENSG00000259529	16.0	40	100.0	100.0	87.5	35.0	0.0	52.5	24162143	24166565	chr14	+	-2	-827	839	-10926	2	827	839	10926	
ENSG00000259529.1	TALONT000467175	ENSG00000213928	True	4	ISM	Known	2	1.0	ENSG00000213928_9	4.0	ENSG00000259529	ENSG00000259529_1	4	ENSG00000259529	14.0	40	100.0	100.0	28.57142857142857	10.0	0.0	18.57142857142857	24164529	24166565	chr14	+	-2	0	839	-13312	2	0	839	13312	
ENSG00000187951.11	TALONT000244006	ENSG00000285035	True	26	NIC	Known	4	1.0	ENSG00000285035_2	5.0	ENSG00000284906	ENSG00000284906_1	19	ENSG00000187951	6.0	20	19.230769230769234	73.07692307692307	83.33333333333334	95.0	-53.84615384615383	-11.666666666666657	30626199	30768471	chr15	+	-44978	18433	-82867	0	44978	18433	82867	0	
ENSG00000168970.22	TALONT000302825	ENSG00000243789	True	12	ISM	Known	2	1.0	ENSG00000243789_1	12.0	ENSG00000168970	ENSG00000168970_4	12	ENSG00000168970	14.0	46	100.0	100.0	85.71428571428571	26.08695652173913	0.0	59.62732919254658	41828094	41837581	chr15	+	-2	7	2651	0	2	7	2651	0	
ENSG00000168970.22	TALONT000303567	ENSG00000243708	True	38	ISM	Known	2	1.0	ENSG00000243708_1	36.0	ENSG00000168970	ENSG00000168970_1	36	ENSG00000168970	40.0	48	94.73684210526315	94.73684210526315	90.0	75.0	0.0	15.0	41837334	41848143	chr15	+	-5	440	-2	-550	5	440	2	550	yes
ENSG00000137878.17	TALONT000408133	ENSG00000263155	True	22	ISM	Known	2	1.0	ENSG00000263155_1	22.0	ENSG00000137878	ENSG00000137878_7	22	ENSG00000137878	24.0	26	100.0	100.0	91.66666666666666	84.61538461538461	0.0	7.051282051282044	57591907	57685360	chr15	+	-2	33	7340	0	2	33	7340	0	lost cause
ENSG00000137878.17	TALONT000408157	ENSG00000263155	True	26	NIC	Known	2	1.0	ENSG00000263155_1	24.0	ENSG00000137878	ENSG00000137878_7	24	ENSG00000137878	24.0	26	92.3076923076923	92.3076923076923	100.0	92.3076923076923	0.0	7.692307692307693	57591907	57685360	chr15	+	-2	33	7340	0	2	33	7340	0	lost cause
ENSG00000137878.17	TALONT000408184	ENSG00000263155	True	22	NIC	Known	2	1.0	ENSG00000263155_1	22.0	ENSG00000137878	ENSG00000137878_7	22	ENSG00000137878	24.0	26	100.0	100.0	91.66666666666666	84.61538461538461	0.0	7.051282051282044	57591907	57685360	chr15	+	-2	33	7340	0	2	33	7340	0	lost cause
ENSG00000137878.17	TALONT000408321	ENSG00000263155	True	22	NIC	Known	2	1.0	ENSG00000263155_1	22.0	ENSG00000137878	ENSG00000137878_6	22	ENSG00000137878	24.0	30	100.0	100.0	91.66666666666666	73.33333333333333	0.0	18.33333333333333	57591907	57685360	chr15	+	-2	33	7340	0	2	33	7340	0	lost cause
ENSG00000137878.17	TALONT000408465	ENSG00000263155	True	22	NIC	Known	2	1.0	ENSG00000263155_1	22.0	ENSG00000137878	ENSG00000137878_7	22	ENSG00000137878	24.0	26	100.0	100.0	91.66666666666666	84.61538461538461	0.0	7.051282051282044	57591907	57685360	chr15	+	-2	33	7340	0	2	33	7340	0	lost cause
ENSG00000137878.17	TALONT000410780	ENSG00000263155	True	24	ISM	Known	2	1.0	ENSG00000263155_1	23.0	ENSG00000137878	ENSG00000137878_7	23	ENSG00000137878	24.0	26	95.83333333333334	95.83333333333334	95.83333333333334	88.46153846153845	0.0	7.37179487179489	57599410	57685360	chr15	+	-2	0	7340	-7378	2	0	7340	7378	lost cause
ENSG00000137878.17	TALONT000410797	ENSG00000263155	True	20	NIC	Known	2	1.0	ENSG00000263155_2	18.0	ENSG00000137878	ENSG00000137878_6	19	ENSG00000137878	22.0	30	90.0	95.0	81.81818181818183	63.33333333333333	-5.0	18.4848484848485	57599410	57648849	chr15	+	-23042	0	1215	-7378	23042	0	1215	7378	lost cause
ENSG00000137878.17	TALONT000410848	ENSG00000263155	True	26	NIC	Known	2	1.0	ENSG00000263155_1	23.0	ENSG00000137878	ENSG00000137878_7	23	ENSG00000137878	24.0	26	88.46153846153845	88.46153846153845	95.83333333333334	88.46153846153845	0.0	7.37179487179489	57599410	57685360	chr15	+	-2	0	7340	-7378	2	0	7340	7378	lost cause
ENSG00000137878.17	TALONT000410905	ENSG00000263155	True	22	ISM	Known	2	1.0	ENSG00000263155_1	22.0	ENSG00000137878	ENSG00000137878_7	22	ENSG00000137878	24.0	26	100.0	100.0	91.66666666666666	84.61538461538461	0.0	7.051282051282044	57604268	57685360	chr15	+	-2	-4858	7340	-12236	2	4858	7340	12236	lost cause
ENSG00000137878.17	TALONT000410916	ENSG00000263155	True	20	ISM	Known	2	1.0	ENSG00000263155_1	20.0	ENSG00000137878	ENSG00000137878_7	20	ENSG00000137878	24.0	26	100.0	100.0	83.33333333333334	76.92307692307693	0.0	6.410256410256409	57618046	57685360	chr15	+	-2	15617	7340	-26014	2	15617	7340	26014	lost cause
ENSG00000137878.17	TALONT000410927	ENSG00000263155	True	18	ISM	Known	2	1.0	ENSG00000263155_1	18.0	ENSG00000137878	ENSG00000137878_7	18	ENSG00000137878	24.0	26	100.0	100.0	75.0	69.23076923076923	0.0	5.769230769230774	57621607	57685360	chr15	+	-2	12056	7340	-29575	2	12056	7340	29575	lost cause
ENSG00000137878.17	TALONT000410934	ENSG00000263155	True	16	ISM	Known	2	1.0	ENSG00000263155_1	16.0	ENSG00000137878	ENSG00000137878_12	16	ENSG00000137878	24.0	24	100.0	100.0	66.66666666666666	66.66666666666666	0.0	0.0	57625808	57685364	chr15	+	-2	7855	7336	-33776	2	7855	7336	33776	lost cause
ENSG00000137878.17	TALONT000410941	ENSG00000263155	True	14	ISM	Known	2	1.0	ENSG00000263155_1	14.0	ENSG00000137878	ENSG00000137878_7	14	ENSG00000137878	24.0	26	100.0	100.0	58.333333333333336	53.84615384615385	0.0	4.487179487179489	57629701	57685364	chr15	+	-2	3962	7336	-37669	2	3962	7336	37669	lost cause
ENSG00000137878.17	TALONT000410987	ENSG00000263155	True	6	ISM	Known	2	1.0	ENSG00000263155_1	5.0	ENSG00000137878	ENSG00000137878_7	5	ENSG00000137878	24.0	26	83.33333333333334	83.33333333333334	20.833333333333336	19.230769230769234	0.0	1.6025641025641022	57646136	57685360	chr15	+	-2	-12473	7340	34561	2	12473	7340	34561	
ENSG00000187951.11	TALONT001202150	ENSG00000285035	True	28	ISM	Known	4	1.0	ENSG00000285035_2	5.0	ENSG00000284906	ENSG00000284906_1	19	ENSG00000187951	6.0	20	17.857142857142858	67.85714285714286	83.33333333333334	95.0	-50.0	-11.666666666666657	30626199	30768126	chr15	+	-44633	18433	-82522	0	44633	18433	82522	0	
ENSG00000137878.17	TALONT001313613	ENSG00000263155	True	24	NNC	Known	2	1.0	ENSG00000263155_1	23.0	ENSG00000137878	ENSG00000137878_7	23	ENSG00000137878	24.0	26	95.83333333333334	95.83333333333334	95.83333333333334	88.46153846153845	0.0	7.37179487179489	57602706	57685360	chr15	+	-2	-3296	7340	-10674	2	3296	7340	10674	lost cause
ENSG00000258461.5	TALONT001914882	ENSG00000092529	True	20	ISM	Known	2	1.0	ENSG00000092529_5	20.0	ENSG00000258461	ENSG00000258461_3	19	ENSG00000258461	24.0	52	100.0	95.0	83.33333333333334	36.53846153846153	5.0	46.79487179487181	42402389	42412317	chr15	+	1	0	-2	-54287	1	0	2	54287	yes
ENSG00000270580.5	TALONT000473107	ENSG00000250251	True	2	ISM	Known	2	1.0	ENSG00000250251_1	2.0	ENSG00000270580	ENSG00000270580_1	2	ENSG00000270580	46.0	34	100.0	100.0	4.3478260869565215	5.88235294117647	0.0	-1.5345268542199486	15126055	15127897	chr16	-	-3604	-603	1951	15265	3604	603	1951	15265	
ENSG00000261832.6	TALONT000550296	ENSG00000188603	True	28	NIC	Known	2	1.0	ENSG00000188603_55	28.0	ENSG00000261832	ENSG00000261832_11	28	ENSG00000261832	32.0	32	100.0	100.0	87.5	87.5	0.0	0.0	28477279	28492042	chr16	-	2	0	1	10450	2	0	1	10450	yes
ENSG00000261740.6	TALONT000579329	ENSG00000183336	True	4	ISM	Known	2	1.0	ENSG00000183336_1	3.0	ENSG00000261740	ENSG00000261740_1	2	ENSG00000261740	4.0	8	75.0	50.0	75.0	25.0	25.0	50.0	29453592	29454347	chr16	-	-217	0	2	10323	217	0	2	10323	
ENSG00000261740.6	TALONT000579331	ENSG00000183336	True	2	ISM	Known	2	1.0	ENSG00000183336_2	2.0	ENSG00000261740	ENSG00000261740_3	1	ENSG00000261740	10.0	8	100.0	50.0	20.0	12.5	50.0	7.5	29453592	29454347	chr16	-	-217	0	2	10323	217	0	2	10323	
ENSG00000261884.2	TALONT000747980	ENSG00000205220	True	6	ISM	Known	2	1.0	ENSG00000205220_2	5.0	ENSG00000261884	ENSG00000261884_1	6	ENSG00000261884	6.0	8	83.33333333333334	100.0	83.33333333333334	75.0	-16.666666666666657	8.333333333333343	67934501	67935641	chr16	-	-156	0	2	3577	156	0	2	3577	
ENSG00000261884.2	TALONT000748037	ENSG00000205220	True	2	ISM	Known	2	1.0	ENSG00000205220_1	2.0	ENSG00000261884	ENSG00000261884_1	2	ENSG00000261884	14.0	8	100.0	100.0	14.285714285714285	25.0	0.0	-10.714285714285715	67934505	67934948	chr16	-	-849	0	-695	3581	849	0	695	3581	
ENSG00000260280.5	TALONT000580383	ENSG00000213648	True	12	ISM	Known	2	1.0	ENSG00000213648_1	12.0	ENSG00000260280	ENSG00000260280_2	12	ENSG00000260280	14.0	18	100.0	100.0	85.71428571428571	66.66666666666666	0.0	19.04761904761905	29458218	29464963	chr16	+	15	1670	-2	-1771	15	1670	2	1771	
ENSG00000213599.10	TALONT000628587	ENSG00000261052	True	12	ISM	Known	2	1.0	ENSG00000261052_2	12.0	ENSG00000213599	ENSG00000213599_1	12	ENSG00000213599	14.0	20	100.0	100.0	85.71428571428571	60.0	0.0	25.714285714285708	30198540	30204306	chr16	+	6	687	-2	-2751	6	687	2	2751	
ENSG00000260899.1	TALONT000637494	ENSG00000156873	True	18	ISM	Known	2	1.0	ENSG00000156873_1	17.0	ENSG00000260899	ENSG00000260899_1	4	ENSG00000260899	18.0	8	94.44444444444444	22.22222222222222	94.44444444444444	50.0	72.22222222222223	44.44444444444444	30748157	30757365	chr16	+	-2	112	-5986	-7491	2	112	5986	7491	yes
ENSG00000260899.1	TALONT000637495	ENSG00000156873	True	14	ISM	Known	2	1.0	ENSG00000156873_1	14.0	ENSG00000260899	ENSG00000260899_1	4	ENSG00000260899	18.0	8	100.0	28.57142857142857	77.77777777777779	50.0	71.42857142857143	27.777777777777786	30748205	30757365	chr16	+	-2	64	-5986	-7539	2	64	5986	7539	
ENSG00000260899.1	TALONT000637497	ENSG00000156873	True	16	ISM	Known	2	1.0	ENSG00000156873_1	15.0	ENSG00000260899	ENSG00000260899_1	4	ENSG00000260899	18.0	8	93.75	25.0	83.33333333333334	50.0	68.75	33.33333333333334	30748259	30757365	chr16	+	-2	10	-5986	-7593	2	10	5986	7593	yes
ENSG00000260899.1	TALONT000637508	ENSG00000156873	True	16	NIC	Known	2	1.0	ENSG00000156873_5	15.0	ENSG00000260899	ENSG00000260899_1	4	ENSG00000260899	16.0	8	93.75	25.0	93.75	50.0	68.75	43.75	30748259	30757365	chr16	+	-2	10	-5986	-7593	2	10	5986	7593	yes
ENSG00000260899.1	TALONT000637511	ENSG00000156873	True	16	ISM	Known	2	1.0	ENSG00000156873_3	16.0	ENSG00000260899	ENSG00000260899_1	4	ENSG00000260899	20.0	8	100.0	25.0	80.0	50.0	75.0	30.0	30748259	30757365	chr16	+	-2	10	-5986	-7593	2	10	5986	7593	yes
ENSG00000260899.1	TALONT000637622	ENSG00000156873	True	10	ISM	Known	2	1.0	ENSG00000156873_2	10.0	ENSG00000260899	ENSG00000260899_1	4	ENSG00000260899	18.0	8	100.0	40.0	55.55555555555556	50.0	60.0	5.555555555555557	30748401	30754053	chr16	+	-502	0	-2674	-7735	502	0	2674	7735	
ENSG00000260899.1	TALONT000637792	ENSG00000156873	True	16	ISM	Known	2	1.0	ENSG00000156873_3	15.0	ENSG00000260899	ENSG00000260899_1	4	ENSG00000260899	20.0	8	93.75	25.0	75.0	50.0	68.75	25.0	30748401	30757365	chr16	+	-2	0	-5986	-7735	2	0	5986	7735	yes
ENSG00000260899.1	TALONT000638355	ENSG00000156873	True	16	ISM	Known	2	1.0	ENSG00000156873_3	16.0	ENSG00000260899	ENSG00000260899_1	2	ENSG00000260899	20.0	8	100.0	12.5	80.0	25.0	87.5	55.0	30748550	30757365	chr16	+	-2	0	-5986	-7884	2	0	5986	7884	yes
ENSG00000262304.2	TALONT000268735	ENSG00000197417	True	10	NIC	Known	2	1.0	ENSG00000197417_1	10.0	ENSG00000262304	ENSG00000262304_1	10	ENSG00000262304	12.0	26	100.0	100.0	83.33333333333334	38.46153846153847	0.0	44.871794871794876	3608886	3636249	chr17	-	-75	625	2	23738	75	625	2	23738	
ENSG00000257950.3	TALONT000271619	ENSG00000083454	True	22	ISM	Known	2	1.0	ENSG00000083454_5	21.0	ENSG00000257950	ENSG00000257950_1	22	ENSG00000257950	22.0	28	95.45454545454545	100.0	95.45454545454545	78.57142857142857	-4.545454545454547	16.883116883116884	3671650	3696194	chr17	-	-24	-548	2	8588	24	548	2	8588	yes
ENSG00000259024.6	TALONT000446661	ENSG00000175106	True	12	NIC	Known	3	1.0	ENSG00000175106_1	9.0	ENSG00000259024	ENSG00000259024_4	10	ENSG00000259024	12.0	12	75.0	83.33333333333334	75.0	83.33333333333334	-8.333333333333343	-8.333333333333343	15435286	15563559	chr17	-	17	-66977	2	-734	17	66977	2	734	
ENSG00000259024.6	TALONT000446670	ENSG00000175106	True	14	NIC	Known	3	1.0	ENSG00000175106_1	11.0	ENSG00000259024	ENSG00000259024_1	12	ENSG00000259024	12.0	12	78.57142857142857	85.71428571428571	91.66666666666666	100.0	-7.142857142857139	-8.333333333333343	15436020	15563561	chr17	-	19	-66243	2	0	19	66243	2	0	
ENSG00000259024.6	TALONT000446694	ENSG00000175106	True	16	NIC	Known	3	1.0	ENSG00000175106_1	11.0	ENSG00000259024	ENSG00000259024_1	12	ENSG00000259024	12.0	12	68.75	75.0	91.66666666666666	100.0	-6.25	-8.333333333333343	15436020	15563559	chr17	-	17	-66243	2	0	17	66243	2	0	
ENSG00000259024.6	TALONT000446706	ENSG00000175106	True	14	NIC	Known	3	1.0	ENSG00000175106_3	10.0	ENSG00000259024	ENSG00000259024_1	12	ENSG00000259024	10.0	12	71.42857142857143	85.71428571428571	100.0	100.0	-14.285714285714278	0.0	15436014	15563561	chr17	-	19	-66249	2	-6	19	66249	2	6	
ENSG00000259024.6	TALONT000446720	ENSG00000175106	True	14	NIC	Known	3	1.0	ENSG00000175106_1	11.0	ENSG00000259024	ENSG00000259024_3	12	ENSG00000259024	12.0	12	78.57142857142857	85.71428571428571	91.66666666666666	100.0	-7.142857142857139	-8.333333333333343	15436014	15563559	chr17	-	17	-66249	2	-6	17	66249	2	6	
ENSG00000259024.6	TALONT000446832	ENSG00000175106	True	12	NIC	Known	3	1.0	ENSG00000175106_1	11.0	ENSG00000259024	ENSG00000259024_3	10	ENSG00000259024	12.0	12	91.66666666666666	83.33333333333334	91.66666666666666	83.33333333333334	8.333333333333314	8.333333333333314	15436020	15563559	chr17	-	17	-66243	2	0	17	66243	2	0	
ENSG00000259024.6	TALONT000447845	ENSG00000175106	True	12	ISM	Known	2	1.0	ENSG00000175106_1	11.0	ENSG00000259024	ENSG00000259024_3	10	ENSG00000259024	12.0	12	91.66666666666666	83.33333333333334	91.66666666666666	83.33333333333334	8.333333333333314	8.333333333333314	15500110	15563559	chr17	-	17	-2153	2	61970	17	2153	2	61970	
ENSG00000258472.8	TALONT000526060	ENSG00000167524	True	2	NIC	Known	2	1.0	ENSG00000167524_1	1.0	ENSG00000258472	ENSG00000258472_3	2	ENSG00000258472	22.0	14	50.0	100.0	4.545454545454546	14.285714285714285	-50.0	-9.740259740259738	28603469	28614183	chr17	-	1	-4494	2	0	1	4494	2	0	
ENSG00000266086.2	TALONT000873770	ENSG00000264112	True	4	ISM	Known	2	1.0	ENSG00000264112_1	2.0	ENSG00000266086	ENSG00000266086_1	2	ENSG00000266086	2.0	10	50.0	50.0	100.0	20.0	0.0	80.0	57989038	57995391	chr17	-	543	0	-11857	-1	543	0	11857	1	
ENSG00000266086.2	TALONT000874281	ENSG00000136450	True	10	ISM	Known	2	1.0	ENSG00000136450_3	8.0	ENSG00000266086	ENSG00000266086_1	6	ENSG00000266086	8.0	10	80.0	60.0	100.0	60.0	20.0	40.0	58000610	58007246	chr17	-	16	-2749	2	11573	16	2749	2	11573	
ENSG00000266086.2	TALONT000874287	ENSG00000136450	True	8	ISM	Known	2	1.0	ENSG00000136450_3	6.0	ENSG00000266086	ENSG00000266086_1	6	ENSG00000266086	8.0	10	75.0	75.0	75.0	60.0	0.0	15.0	58000918	58007246	chr17	-	16	-2441	2	11881	16	2441	2	11881	
ENSG00000266086.2	TALONT000874298	ENSG00000136450	True	8	NIC	Known	2	1.0	ENSG00000136450_9	6.0	ENSG00000266086	ENSG00000266086_1	6	ENSG00000266086	6.0	10	75.0	75.0	100.0	60.0	0.0	40.0	58000918	58007246	chr17	-	16	-2441	2	11881	16	2441	2	11881	
ENSG00000266086.2	TALONT000874304	ENSG00000136450	True	2	ISM	Known	2	1.0	ENSG00000136450_6	2.0	ENSG00000266086	ENSG00000266086_1	2	ENSG00000266086	8.0	10	100.0	100.0	25.0	20.0	0.0	5.0	58000918	58005600	chr17	-	468	-2441	-1648	11881	468	2441	1648	11881	
ENSG00000266086.2	TALONT000874657	ENSG00000136450	True	6	NIC	Known	2	1.0	ENSG00000136450_9	5.0	ENSG00000266086	ENSG00000266086_1	5	ENSG00000266086	6.0	10	83.33333333333334	83.33333333333334	83.33333333333334	50.0	0.0	33.33333333333334	58003492	58007246	chr17	-	16	0	2	14455	16	0	2	14455	
ENSG00000215769.8	TALONT000926314	ENSG00000214176	True	10	ISM	Known	2	1.0	ENSG00000214176_3	6.0	ENSG00000215769	ENSG00000215769_2	4	ENSG00000215769	34.0	8	60.0	40.0	17.647058823529413	50.0	20.0	-32.35294117647059	64777688	64781626	chr17	-	-47584	-1570	2	15002	47584	1570	2	15002	
ENSG00000214719.11	TALONT000554524	ENSG00000250462	True	4	ISM	Known	2	1.0	ENSG00000250462_3	3.0	ENSG00000214719	ENSG00000214719_5	3	ENSG00000214719	4.0	10	75.0	75.0	75.0	30.0	0.0	45.0	30631894	30634323	chr17	+	-155	-140	-2	-24237	155	140	2	24237	yes
ENSG00000214719.11	TALONT000554527	ENSG00000250462	True	4	ISM	Known	2	1.0	ENSG00000250462_1	3.0	ENSG00000214719	ENSG00000214719_2	4	ENSG00000214719	8.0	16	75.0	100.0	37.5	25.0	-25.0	12.5	30631894	30637466	chr17	+	-2	-140	-2002	-24237	2	140	2002	24237	yes
ENSG00000261408.7	TALONT000988203	ENSG00000250506	True	14	ISM	Known	2	1.0	ENSG00000250506_1	13.0	ENSG00000261408	ENSG00000261408_1	13	ENSG00000261408	14.0	20	92.85714285714286	92.85714285714286	92.85714285714286	65.0	0.0	27.85714285714286	76000585	76005998	chr17	+	1	320	1	-21326	1	320	1	21326	
ENSG00000215472.10	TALONT000326914	ENSG00000177576	True	2	ISM	Known	2	1.0	ENSG00000177576_1	2.0	ENSG00000215472	ENSG00000215472_1	2	ENSG00000215472	4.0	12	100.0	100.0	50.0	16.666666666666664	0.0	33.333333333333336	49481680	49483771	chr18	-	-2844	21	-7817	0	2844	21	7817	0	
ENSG00000167807.15	TALONT000516336	ENSG00000267673	True	8	ISM	Known	3	1.0	ENSG00000267673_1	7.0	ENSG00000167807	ENSG00000167807_1	6	ENSG00000167807	8.0	20	87.5	75.0	87.5	30.0	12.5	57.5	10309879	10316009	chr19	-	-1	-165	2	1508	1	165	2	1508	
ENSG00000167807.15	TALONT000516339	ENSG00000267673	True	4	ISM	Known	2	1.0	ENSG00000267673_7	4.0	ENSG00000167807	ENSG00000167807_2	4	ENSG00000167807	6.0	12	100.0	100.0	66.66666666666666	33.33333333333333	0.0	33.33333333333333	10309879	10316009	chr19	-	-1	-165	2	1508	1	165	2	1508	
ENSG00000167807.15	TALONT000516344	ENSG00000267673	True	8	ISM	Known	3	1.0	ENSG00000267673_1	7.0	ENSG00000167807	ENSG00000167807_1	8	ENSG00000167807	8.0	20	87.5	100.0	87.5	40.0	-12.5	47.5	10310216	10316009	chr19	-	-1	0	2	1845	1	0	2	1845	
ENSG00000267303.1	TALONT000516690	ENSG00000161847	True	4	ISM	Known	2	1.0	ENSG00000161847_5	4.0	ENSG00000267303	ENSG00000267303_1	4	ENSG00000267303	18.0	14	100.0	100.0	22.22222222222222	28.57142857142857	0.0	-6.349206349206348	10316211	10318318	chr19	-	-2846	0	-2362	741	2846	0	2362	741	
ENSG00000285589.1	TALONT000560145	ENSG00000095059	True	16	ISM	Known	2	1.0	ENSG00000095059_1	15.0	ENSG00000285589	ENSG00000285589_1	14	ENSG00000285589	16.0	26	93.75	87.5	93.75	53.84615384615385	6.25	39.90384615384615	12675716	12681834	chr19	-	-6	0	2	7646	6	0	2	7646	yes
ENSG00000285589.1	TALONT000560160	ENSG00000095059	True	14	NIC	Known	2	1.0	ENSG00000095059_1	13.0	ENSG00000285589	ENSG00000285589_1	12	ENSG00000285589	16.0	26	92.85714285714286	85.71428571428571	81.25	46.15384615384615	7.142857142857153	35.09615384615385	12675716	12681834	chr19	-	-6	0	2	7646	6	0	2	7646	lost cause
ENSG00000285589.1	TALONT000560239	ENSG00000095059	True	10	NIC	Known	2	1.0	ENSG00000095059_21	10.0	ENSG00000285589	ENSG00000285589_1	10	ENSG00000285589	14.0	26	100.0	100.0	71.42857142857143	38.46153846153847	0.0	32.967032967032964	12675716	12681834	chr19	-	-6	0	2	7646	6	0	2	7646	
ENSG00000285589.1	TALONT000560249	ENSG00000095059	True	12	NIC	Known	2	1.0	ENSG00000095059_4	12.0	ENSG00000285589	ENSG00000285589_1	12	ENSG00000285589	20.0	26	100.0	100.0	60.0	46.15384615384615	0.0	13.846153846153847	12675716	12681834	chr19	-	-6	0	2	7646	6	0	2	7646	
ENSG00000285589.1	TALONT000560544	ENSG00000095059	True	16	NIC	Known	2	1.0	ENSG00000095059_1	15.0	ENSG00000285589	ENSG00000285589_1	15	ENSG00000285589	16.0	26	93.75	93.75	93.75	57.692307692307686	0.0	36.057692307692314	12675716	12681834	chr19	-	-6	0	2	7646	6	0	2	7646	yes
ENSG00000285589.1	TALONT000560879	ENSG00000095059	True	16	NIC	Known	2	1.0	ENSG00000095059_1	15.0	ENSG00000285589	ENSG00000285589_1	14	ENSG00000285589	16.0	26	93.75	87.5	93.75	53.84615384615385	6.25	39.90384615384615	12675720	12681834	chr19	-	-6	0	2	7650	6	0	2	7650	yes
ENSG00000285589.1	TALONT000560912	ENSG00000095059	True	14	NIC	Known	2	1.0	ENSG00000095059_1	14.0	ENSG00000285589	ENSG00000285589_1	14	ENSG00000285589	16.0	26	100.0	100.0	87.5	53.84615384615385	0.0	33.65384615384615	12675720	12681834	chr19	-	-6	0	2	7650	6	0	2	7650	yes
ENSG00000267120.3	TALONT000756882	ENSG00000126246	True	8	ISM	Known	2	1.0	ENSG00000126246_2	7.0	ENSG00000267120	ENSG00000267120_1	8	ENSG00000267120	8.0	20	87.5	100.0	87.5	40.0	-12.5	47.5	35738800	35742464	chr19	-	13	0	-2970	-451	13	0	2970	451	
ENSG00000267120.3	TALONT000756915	ENSG00000126246	True	6	NIC	Known	2	1.0	ENSG00000126246_2	5.0	ENSG00000267120	ENSG00000267120_1	6	ENSG00000267120	8.0	20	83.33333333333334	100.0	62.5	30.0	-16.666666666666657	32.5	35738800	35742453	chr19	-	2	0	-2981	-451	2	0	2981	451	
ENSG00000267120.3	TALONT000756927	ENSG00000126246	True	6	NIC	Known	2	1.0	ENSG00000126246_4	5.0	ENSG00000267120	ENSG00000267120_1	5	ENSG00000267120	6.0	20	83.33333333333334	83.33333333333334	83.33333333333334	25.0	0.0	58.33333333333334	35738800	35742453	chr19	-	2	0	-2981	-451	2	0	2981	451	
ENSG00000267120.3	TALONT000757499	ENSG00000161265	True	12	NIC	Known	2	1.0	ENSG00000161265_16	10.0	ENSG00000267120	ENSG00000267120_1	9	ENSG00000267120	14.0	20	83.33333333333334	75.0	71.42857142857143	45.0	8.333333333333343	26.42857142857143	35742528	35745416	chr19	-	2	0	-18	3277	2	0	18	3277	
ENSG00000248101.2	TALONT000761310	ENSG00000239382	True	10	ISM	Known	2	1.0	ENSG00000239382_4	10.0	ENSG00000248101	ENSG00000248101_1	9	ENSG00000248101	14.0	12	100.0	90.0	71.42857142857143	75.0	10.0	-3.5714285714285694	36009119	36014199	chr19	-	2	0	-38	482	2	0	38	482	
ENSG00000267552.6	TALONT000775053	ENSG00000198182	True	8	ISM	Known	2	1.0	ENSG00000198182_4	7.0	ENSG00000267552	ENSG00000267552_1	6	ENSG00000267552	10.0	12	87.5	75.0	70.0	50.0	12.5	20.0	37695238	37719723	chr19	-	2	-1124	537	5355	2	1124	537	5355	
ENSG00000283663.1	TALONT000960368	ENSG00000225950	True	4	ISM	Known	2	1.0	ENSG00000225950_3	4.0	ENSG00000283663	ENSG00000283663_1	4	ENSG00000283663	6.0	12	100.0	100.0	66.66666666666666	33.33333333333333	0.0	33.33333333333333	49061065	49065076	chr19	-	24	0	2	5273	24	0	2	5273	
ENSG00000105501.12	TALONT001003889	ENSG00000268500	True	16	ISM	Known	2	1.0	ENSG00000268500_1	15.0	ENSG00000105501	ENSG00000105501_1	16	ENSG00000105501	16.0	18	93.75	100.0	93.75	88.88888888888889	-6.25	4.861111111111114	51611926	51630666	chr19	-	-16136	-164	-14881	0	16136	164	14881	0	no
ENSG00000161551.14	TALONT001004192	ENSG00000198093	True	20	NIC	Known	2	1.0	ENSG00000198093_1	8.0	ENSG00000161551	ENSG00000161551_8	11	ENSG00000161551	8.0	12	40.0	55.00000000000001	100.0	91.66666666666666	-15.000000000000007	8.333333333333343	51855801	51905019	chr19	-	2	-33422	14071	0	2	33422	14071	0	no
ENSG00000161551.14	TALONT001004254	ENSG00000198093	True	18	ISM	Known	2	1.0	ENSG00000198093_1	8.0	ENSG00000161551	ENSG00000161551_8	9	ENSG00000161551	8.0	12	44.44444444444444	50.0	100.0	75.0	-5.555555555555557	25.0	51859749	51905011	chr19	-	2	-29474	14063	3940	2	29474	14063	3940	
ENSG00000268163.1	TALONT001741404	ENSG00000197128	True	4	NIC	Known	2	1.0	ENSG00000197128_8	3.0	ENSG00000268163	ENSG00000268163_1	4	ENSG00000268163	10.0	10	75.0	100.0	30.0	40.0	-25.0	-10.0	57436824	57477536	chr19	-	6	-29838	2	-1145	6	29838	2	1145	
ENSG00000064489.22	TALONT002277371	ENSG00000213999	True	10	ISM	Known	2	1.0	ENSG00000213999_1	10.0	ENSG00000064489	ENSG00000064489_6	10	ENSG00000064489	16.0	24	100.0	100.0	62.5	41.66666666666667	0.0	20.83333333333333	19145569	19147700	chr19	-	-22547	-1	-34649	0	22547	1	34649	0	
ENSG00000064489.22	TALONT002800029	ENSG00000213999	True	14	NIC	Known	2	1.0	ENSG00000213999_1	14.0	ENSG00000064489	ENSG00000064489_6	13	ENSG00000064489	16.0	24	100.0	92.85714285714286	87.5	54.166666666666664	7.142857142857139	33.333333333333336	19145567	19170316	chr19	-	29	0	-12033	-1	29	0	12033	1	
ENSG00000064489.22	TALONT004125006	ENSG00000213999	True	14	ISM	Known	2	1.0	ENSG00000213999_1	14.0	ENSG00000064489	ENSG00000064489_6	13	ENSG00000064489	16.0	24	100.0	92.85714285714286	87.5	54.166666666666664	7.142857142857139	33.333333333333336	19145567	19170289	chr19	-	2	0	-12060	-1	2	0	12060	1	
ENSG00000273471.1	TALONT000789753	ENSG00000184115	True	2	ISM	Known	3	1.0	ENSG00000184115_7	1.0	ENSG00000273471	ENSG00000273471_1	2	ENSG00000273471	10.0	6	50.0	100.0	10.0	33.33333333333333	-50.0	-23.33333333333333	110386410	110423873	chr2	-	41	-10995	-9802	0	41	10995	9802	0	
ENSG00000283684.1	TALONT001588187	ENSG00000186148	True	2	ISM	Known	3	1.0	ENSG00000186148_2	1.0	ENSG00000283684	ENSG00000283684_1	2	ENSG00000283684	14.0	6	50.0	100.0	7.142857142857142	33.33333333333333	-50.0	-26.190476190476186	109947671	109985124	chr2	+	-11041	0	-2	-10234	11041	0	2	10234	
ENSG00000284879.1	TALONT002262242	ENSG00000234231	True	24	ISM	Known	2	1.0	ENSG00000234231_1	21.0	ENSG00000284879	ENSG00000284879_2	23	ENSG00000284879	28.0	34	87.5	95.83333333333334	75.0	67.64705882352942	-8.333333333333343	7.35294117647058	87707761	87739214	chr2	+	-1111	-6778	-2	-252274	1111	6778	2	252274	yes
ENSG00000284879.1	TALONT002262246	ENSG00000234231	True	24	ISM	Known	2	1.0	ENSG00000234231_1	22.0	ENSG00000284879	ENSG00000284879_2	24	ENSG00000284879	28.0	34	91.66666666666666	100.0	78.57142857142857	70.58823529411765	-8.333333333333343	7.983193277310917	87707761	87739214	chr2	+	-1111	-6778	-2	-252274	1111	6778	2	252274	no
ENSG00000256566.1	TALONT001061770	ENSG00000088876	True	10	ISM	Known	2	1.0	ENSG00000088876_1	9.0	ENSG00000256566	ENSG00000256566_1	8	ENSG00000256566	10.0	12	90.0	80.0	90.0	66.66666666666666	10.0	23.333333333333343	2481816	2508915	chr20	-	2	0	10	14605	2	0	10	14605	
ENSG00000254806.5	TALONT001096012	ENSG00000244274	True	2	ISM	Known	2	1.0	ENSG00000244274_1	2.0	ENSG00000254806	ENSG00000254806_2	2	ENSG00000254806	6.0	8	100.0	100.0	33.33333333333333	25.0	0.0	8.333333333333329	45408800	45410610	chr20	+	-2	-512	-2	-45291	2	512	2	45291	
ENSG00000254995.4	TALONT001107144	ENSG00000215440	True	24	ISM	Known	2	1.0	ENSG00000215440_1	22.0	ENSG00000254995	ENSG00000254995_1	23	ENSG00000254995	22.0	44	91.66666666666666	95.83333333333334	100.0	52.27272727272727	-4.166666666666686	47.72727272727273	58692921	58715844	chr20	+	-2	247	-436	-19284	2	247	436	19284	yes
ENSG00000254995.4	TALONT001107245	ENSG00000215440	True	22	ISM	Known	2	1.0	ENSG00000215440_1	20.0	ENSG00000254995	ENSG00000254995_1	22	ENSG00000254995	22.0	44	90.9090909090909	100.0	90.9090909090909	50.0	-9.090909090909093	40.90909090909091	58693178	58715410	chr20	+	142	0	-2	-19541	142	0	2	19541	yes
ENSG00000026036.22	TALONT001116478	ENSG00000243509	True	2	ISM	Known	2	1.0	ENSG00000243509_1	2.0	ENSG00000026036	ENSG00000026036_3	2	ENSG00000026036	4.0	30	100.0	100.0	50.0	6.666666666666667	0.0	43.333333333333336	63695979	63698680	chr20	+	6	671	-2	-7810	6	671	2	7810	no
ENSG00000273154.3	TALONT001116827	ENSG00000197114	True	12	NIC	Known	2	1.0	ENSG00000197114_3	11.0	ENSG00000273154	ENSG00000273154_2	9	ENSG00000273154	12.0	20	91.66666666666666	75.0	91.66666666666666	45.0	16.666666666666657	46.66666666666666	63708038	63736141	chr20	+	1	0	2302	825	1	0	2302	825	
ENSG00000273154.3	TALONT001116868	ENSG00000197114	True	20	NIC	Known	4	1.0	ENSG00000197114_3	12.0	ENSG00000273154	ENSG00000273154_2	18	ENSG00000273154	12.0	20	60.0	90.0	100.0	90.0	-30.0	10.0	63708052	63739103	chr20	+	-2963	0	-2	811	2963	0	2	811	
ENSG00000273154.3	TALONT001116925	ENSG00000197114	True	10	ISM	Known	2	1.0	ENSG00000197114_5	10.0	ENSG00000273154	ENSG00000273154_2	10	ENSG00000273154	12.0	20	100.0	100.0	83.33333333333334	50.0	0.0	33.33333333333334	63708085	63736141	chr20	+	1	0	2302	778	1	0	2302	778	
ENSG00000285762.1	TALONT000385143	ENSG00000099977	True	6	NIC	Known	2	1.0	ENSG00000099977_2	5.0	ENSG00000285762	ENSG00000285762_1	6	ENSG00000285762	6.0	8	83.33333333333334	100.0	83.33333333333334	75.0	-16.666666666666657	8.333333333333343	23971377	23980469	chr22	-	643	8	2	0	643	8	2	0	
ENSG00000254413.8	TALONT000643249	ENSG00000100288	True	14	ISM	Known	2	1.0	ENSG00000100288_1	13.0	ENSG00000254413	ENSG00000254413_3	13	ENSG00000254413	20.0	52	92.85714285714286	92.85714285714286	65.0	25.0	0.0	40.0	50578958	50582965	chr22	-	-36	0	2	1140	36	0	2	1140	
ENSG00000254413.8	TALONT000643252	ENSG00000100288	True	16	ISM	Known	2	1.0	ENSG00000100288_1	16.0	ENSG00000254413	ENSG00000254413_3	14	ENSG00000254413	20.0	52	100.0	87.5	80.0	26.923076923076923	12.5	53.07692307692308	50578958	50582965	chr22	-	-36	0	2	1140	36	0	2	1140	yes
ENSG00000254413.8	TALONT000643268	ENSG00000100288	True	16	ISM	Known	2	1.0	ENSG00000100288_6	15.0	ENSG00000254413	ENSG00000254413_3	13	ENSG00000254413	16.0	52	93.75	81.25	93.75	25.0	12.5	68.75	50578962	50582965	chr22	-	-36	0	2	1144	36	0	2	1144	yes
ENSG00000254413.8	TALONT000643313	ENSG00000100288	True	18	ISM	Known	2	1.0	ENSG00000100288_1	18.0	ENSG00000254413	ENSG00000254413_3	14	ENSG00000254413	20.0	52	100.0	77.77777777777779	90.0	26.923076923076923	22.222222222222214	63.07692307692308	50578962	50582965	chr22	-	-36	0	2	1144	36	0	2	1144	yes
ENSG00000254413.8	TALONT000643341	ENSG00000100288	True	16	ISM	Known	2	1.0	ENSG00000100288_1	16.0	ENSG00000254413	ENSG00000254413_3	12	ENSG00000254413	20.0	52	100.0	75.0	80.0	23.076923076923077	25.0	56.92307692307692	50578962	50582420	chr22	-	2	0	-547	1144	2	0	547	1144	yes
ENSG00000254413.8	TALONT000643354	ENSG00000100288	True	18	ISM	Known	2	1.0	ENSG00000100288_1	17.0	ENSG00000254413	ENSG00000254413_3	13	ENSG00000254413	20.0	52	94.44444444444444	72.22222222222221	85.0	25.0	22.22222222222223	60.0	50578962	50582965	chr22	-	-36	0	2	1144	36	0	2	1144	yes
ENSG00000254413.8	TALONT000643472	ENSG00000100288	True	10	ISM	Known	2	1.0	ENSG00000100288_1	10.0	ENSG00000254413	ENSG00000254413_3	10	ENSG00000254413	20.0	52	100.0	100.0	50.0	19.230769230769234	0.0	30.769230769230766	50578962	50582357	chr22	-	-65	0	-610	1144	65	0	610	1144	yes
ENSG00000254413.8	TALONT000643557	ENSG00000100288	True	8	NIC	Known	2	1.0	ENSG00000100288_11	8.0	ENSG00000254413	ENSG00000254413_3	8	ENSG00000254413	18.0	52	100.0	100.0	44.44444444444444	15.384615384615385	0.0	29.059829059829056	50578965	50582095	chr22	-	-327	0	-872	1147	327	0	872	1147	
ENSG00000254413.8	TALONT001372970	ENSG00000205560	True	38	ISM	Known	2	1.0	ENSG00000205560_4	36.0	ENSG00000254413	ENSG00000254413_3	35	ENSG00000254413	38.0	52	94.73684210526315	92.10526315789474	94.73684210526315	67.3076923076923	2.6315789473684106	27.429149797570844	50568868	50578659	chr22	-	196	7	-1095	0	196	7	1095	0	yes
ENSG00000273032.2	TALONT000341061	ENSG00000237517	True	6	ISM	Known	2	1.0	ENSG00000237517_2	5.0	ENSG00000273032	ENSG00000273032_2	6	ENSG00000273032	8.0	10	83.33333333333334	100.0	62.5	60.0	-16.666666666666657	2.5	18970524	18994628	chr22	+	-2	-11	20160	0	2	11	20160	0	
ENSG00000273032.2	TALONT000341096	ENSG00000237517	True	8	NIC	Known	2	1.0	ENSG00000237517_2	4.0	ENSG00000273032	ENSG00000273032_2	8	ENSG00000273032	8.0	10	50.0	100.0	50.0	80.0	-50.0	-30.0	18970524	19031242	chr22	+	-36616	-11	-2	0	36616	11	2	0	
ENSG00000284874.1	TALONT000347527	ENSG00000184702	True	16	NIC	Known	2	1.0	ENSG00000184702_4	16.0	ENSG00000284874	ENSG00000284874_1	16	ENSG00000284874	20.0	22	100.0	100.0	80.0	72.72727272727273	0.0	7.272727272727266	19718468	19724772	chr22	+	-550	-11	-2	0	550	11	2	0	no
ENSG00000284874.1	TALONT000347957	ENSG00000184702	True	14	ISM	Known	2	1.0	ENSG00000184702_3	14.0	ENSG00000284874	ENSG00000284874_1	14	ENSG00000284874	20.0	22	100.0	100.0	70.0	63.63636363636363	0.0	6.363636363636367	19720114	19724772	chr22	+	-550	73	-2	-1646	550	73	2	1646	no
ENSG00000254709.7	TALONT000369757	ENSG00000211662	True	6	NIC	Known	2	1.0	ENSG00000211662_1	2.0	ENSG00000254709	ENSG00000254709_1	2	ENSG00000254709	4.0	4	33.33333333333333	33.33333333333333	50.0	50.0	0.0	0.0	22712284	22895825	chr22	+	-182624	-596	-2	175495	182624	596	2	175495	
ENSG00000215481.9	TALONT000392415	ENSG00000284128	True	12	NIC	Known	2	1.0	ENSG00000284128_1	9.0	ENSG00000215481	ENSG00000215481_1	9	ENSG00000215481	12.0	10	75.0	75.0	75.0	90.0	0.0	-15.0	24632914	24653356	chr22	+	-2	11876	-3346	0	2	11876	3346	0	
ENSG00000215481.9	TALONT000392434	ENSG00000284128	True	10	NIC	Known	2	1.0	ENSG00000284128_1	7.0	ENSG00000215481	ENSG00000215481_1	8	ENSG00000215481	12.0	10	70.0	80.0	58.333333333333336	80.0	-10.0	-21.666666666666664	24632914	24653356	chr22	+	-2	11876	-3346	0	2	11876	3346	0	
ENSG00000215481.9	TALONT000392510	ENSG00000284128	True	12	NIC	Known	2	1.0	ENSG00000284128_1	8.0	ENSG00000215481	ENSG00000215481_1	9	ENSG00000215481	12.0	10	66.66666666666666	75.0	66.66666666666666	90.0	-8.333333333333343	-23.333333333333343	24632914	24653356	chr22	+	-2	11876	-3346	0	2	11876	3346	0	
ENSG00000284431.1	TALONT000553908	ENSG00000239900	True	22	ISM	Known	2	1.0	ENSG00000239900_2	22.0	ENSG00000284431	ENSG00000284431_1	18	ENSG00000284431	26.0	60	100.0	81.81818181818183	84.61538461538461	30.0	18.181818181818173	54.61538461538461	40349831	40366556	chr22	+	-2	-1193	43500	-3303	2	1193	43500	3303	yes
ENSG00000273032.2	TALONT001178568	ENSG00000237517	True	4	NIC	Known	2	1.0	ENSG00000237517_3	1.0	ENSG00000273032	ENSG00000273032_2	4	ENSG00000273032	6.0	10	25.0	100.0	16.666666666666664	40.0	-75.0	-23.333333333333336	18970524	19031242	chr22	+	-36616	-11	-2	0	36616	11	2	0	
ENSG00000283189.2	TALONT000560027	ENSG00000145029	True	4	ISM	Known	2	1.0	ENSG00000145029_1	2.0	ENSG00000283189	ENSG00000283189_1	2	ENSG00000283189	10.0	20	50.0	50.0	20.0	10.0	0.0	10.0	49422945	49429294	chr3	-	2	0	2	2730	2	0	2	2730	
ENSG00000248710.1	TALONT000904832	ENSG00000213186	True	2	ISM	Known	2	1.0	ENSG00000213186_1	2.0	ENSG00000248710	ENSG00000248710_1	2	ENSG00000248710	4.0	36	100.0	100.0	50.0	5.555555555555555	0.0	44.44444444444444	160435502	160449760	chr3	-	2	0	-71	208049	2	0	71	208049	
ENSG00000283154.2	TALONT000902091	ENSG00000151967	True	14	NIC	Known	2	1.0	ENSG00000151967_1	11.0	ENSG00000283154	ENSG00000283154_4	13	ENSG00000283154	12.0	14	78.57142857142857	92.85714285714286	91.66666666666666	92.85714285714286	-14.285714285714292	-1.190476190476204	159732354	159897360	chr3	+	-2	107506	-4	31358	2	107506	4	31358	
ENSG00000283154.2	TALONT000902203	ENSG00000151967	True	14	NIC	Known	2	1.0	ENSG00000151967_2	11.0	ENSG00000283154	ENSG00000283154_4	13	ENSG00000283154	12.0	14	78.57142857142857	92.85714285714286	91.66666666666666	92.85714285714286	-14.285714285714292	-1.190476190476204	159763712	159897358	chr3	+	4	76148	-2	0	4	76148	2	0	
ENSG00000283154.2	TALONT000902227	ENSG00000151967	True	14	NIC	Known	2	1.0	ENSG00000151967_1	11.0	ENSG00000283154	ENSG00000283154_4	13	ENSG00000283154	12.0	14	78.57142857142857	92.85714285714286	91.66666666666666	92.85714285714286	-14.285714285714292	-1.190476190476204	159764001	159897358	chr3	+	4	75859	-2	0	4	75859	2	0	
ENSG00000283154.2	TALONT000902232	ENSG00000151967	True	14	NIC	Known	2	1.0	ENSG00000151967_1	11.0	ENSG00000283154	ENSG00000283154_3	13	ENSG00000283154	12.0	14	78.57142857142857	92.85714285714286	91.66666666666666	92.85714285714286	-14.285714285714292	-1.190476190476204	159764001	159897358	chr3	+	4	75859	-2	0	4	75859	2	0	
ENSG00000283154.2	TALONT000902302	ENSG00000151967	True	14	NIC	Known	2	1.0	ENSG00000151967_2	11.0	ENSG00000283154	ENSG00000283154_1	13	ENSG00000283154	12.0	20	78.57142857142857	92.85714285714286	91.66666666666666	65.0	-14.285714285714292	26.666666666666657	159764215	159897358	chr3	+	4	75645	-2	0	4	75645	2	0	
ENSG00000283154.2	TALONT000902318	ENSG00000151967	True	12	ISM	Known	2	1.0	ENSG00000151967_2	11.0	ENSG00000283154	ENSG00000283154_1	12	ENSG00000283154	12.0	20	91.66666666666666	100.0	91.66666666666666	60.0	-8.333333333333343	31.666666666666657	159764215	159897358	chr3	+	4	75645	-2	0	4	75645	2	0	
ENSG00000283154.2	TALONT000902321	ENSG00000151967	True	12	ISM	Known	2	1.0	ENSG00000151967_2	11.0	ENSG00000283154	ENSG00000283154_3	12	ENSG00000283154	12.0	14	91.66666666666666	100.0	91.66666666666666	85.71428571428571	-8.333333333333343	5.952380952380949	159764215	159897358	chr3	+	4	75645	-2	0	4	75645	2	0	
ENSG00000242086.8	TALONT000989199	ENSG00000215837	True	8	ISM	Known	2	1.0	ENSG00000215837_1	8.0	ENSG00000242086	ENSG00000242086_28	8	ENSG00000242086	28.0	26	100.0	100.0	28.57142857142857	30.76923076923077	0.0	-2.1978021978022007	195658061	195667811	chr3	+	18095	34	-1131	0	18095	34	1131	0	
ENSG00000242086.8	TALONT000989251	ENSG00000215837	True	28	NIC	Known	2	1.0	ENSG00000215837_1	27.0	ENSG00000242086	ENSG00000242086_28	26	ENSG00000242086	28.0	26	96.42857142857143	92.85714285714286	96.42857142857143	100.0	3.5714285714285694	-3.5714285714285694	195658061	195688862	chr3	+	-2960	34	-2	0	2960	34	2	0	lost cause
ENSG00000242086.8	TALONT000989737	ENSG00000215837	True	26	NIC	Known	2	1.0	ENSG00000215837_1	26.0	ENSG00000242086	ENSG00000242086_28	25	ENSG00000242086	28.0	26	100.0	96.15384615384616	92.85714285714286	96.15384615384616	3.8461538461538396	-3.296703296703299	195658061	195686140	chr3	+	-238	34	-2	0	238	34	2	0	lost cause
ENSG00000251201.8	TALONT000513944	ENSG00000134970	True	6	ISM	Known	2	1.0	ENSG00000134970_1	4.0	ENSG00000251201	ENSG00000251201_1	4	ENSG00000251201	4.0	6	66.66666666666666	66.66666666666666	100.0	66.66666666666666	0.0	33.33333333333334	115613507	115634606	chr5	-	1616	0	8447	32681	1616	0	8447	32681	yes
ENSG00000275740.1	TALONT000691564	ENSG00000091009	True	6	ISM	Known	2	1.0	ENSG00000091009_1	6.0	ENSG00000275740	ENSG00000275740_1	6	ENSG00000275740	40.0	38	100.0	100.0	15.0	15.789473684210526	0.0	-0.7894736842105257	146203549	146229037	chr5	+	34484	50	110216	0	34484	50	110216	0	
ENSG00000214922.9	TALONT000920002	ENSG00000273340	True	4	ISM	Known	2	1.0	ENSG00000273340_1	4.0	ENSG00000214922	ENSG00000214922_1	3	ENSG00000214922	10.0	10	100.0	75.0	40.0	30.0	25.0	10.0	29740357	29749049	chr6	-	82	-1373	2	2599	82	1373	2	2599	
ENSG00000271793.1	TALONT001048604	ENSG00000135316	True	2	ISM	Known	2	1.0	ENSG00000135316_2	1.0	ENSG00000271793	ENSG00000271793_1	2	ENSG00000271793	20.0	14	50.0	100.0	5.0	14.285714285714285	-50.0	-9.285714285714285	85608328	85615234	chr6	-	-27690	0	2	50351	27690	0	2	50351	
ENSG00000112096.17	TALONT001118671	ENSG00000285441	True	10	NNC	Known	2	1.0	ENSG00000285441_1	8.0	ENSG00000112096	ENSG00000112096_2	9	ENSG00000112096	14.0	10	80.0	90.0	57.14285714285714	90.0	-10.0	-32.85714285714286	159569581	159693328	chr6	-	-69203	-109537	2	-99475	69203	109537	2	99475	
ENSG00000112096.17	TALONT001118729	ENSG00000285441	True	4	ISM	Known	2	1.0	ENSG00000285441_1	4.0	ENSG00000112096	ENSG00000112096_5	4	ENSG00000112096	14.0	8	100.0	100.0	28.57142857142857	50.0	0.0	-21.42857142857143	159679063	159684904	chr6	-	-77627	-55	-3446	0	77627	55	3446	0	
ENSG00000112096.17	TALONT001118733	ENSG00000285441	True	2	ISM	Known	2	1.0	ENSG00000285441_1	2.0	ENSG00000112096	ENSG00000112096_9	2	ENSG00000112096	14.0	4	100.0	100.0	14.285714285714285	50.0	0.0	-35.714285714285715	159679063	159685033	chr6	-	-77498	-55	-3317	0	77498	55	3317	0	
ENSG00000112096.17	TALONT001118744	ENSG00000285441	True	6	ISM	Known	2	1.0	ENSG00000285441_1	6.0	ENSG00000112096	ENSG00000112096_1	6	ENSG00000112096	14.0	8	100.0	100.0	42.857142857142854	75.0	0.0	-32.142857142857146	159679115	159692857	chr6	-	-69674	-3	209	0	69674	3	209	0	
ENSG00000112096.17	TALONT001118783	ENSG00000285441	True	8	NIC	Known	2	1.0	ENSG00000285441_1	7.0	ENSG00000112096	ENSG00000112096_2	7	ENSG00000112096	14.0	10	87.5	87.5	50.0	70.0	0.0	-20.0	159679115	159727353	chr6	-	-35178	-3	2	0	35178	3	2	0	no
ENSG00000112096.17	TALONT001118811	ENSG00000285441	True	2	ISM	Known	2	1.0	ENSG00000285441_1	2.0	ENSG00000112096	ENSG00000112096_2	2	ENSG00000112096	14.0	10	100.0	100.0	14.285714285714285	20.0	0.0	-5.714285714285715	159679115	159682482	chr6	-	-80049	-3	-5868	0	80049	3	5868	0	no
ENSG00000112096.17	TALONT001118835	ENSG00000285441	True	8	NIC	Known	2	1.0	ENSG00000285441_1	6.0	ENSG00000112096	ENSG00000112096_1	7	ENSG00000112096	14.0	8	75.0	87.5	42.857142857142854	87.5	-12.5	-44.642857142857146	159679115	159693328	chr6	-	-69203	-3	2	0	69203	3	2	0	no
ENSG00000112096.17	TALONT001118871	ENSG00000285441	True	8	NNC	Known	2	1.0	ENSG00000285441_1	6.0	ENSG00000112096	ENSG00000112096_2	7	ENSG00000112096	14.0	10	75.0	87.5	42.857142857142854	70.0	-12.5	-27.142857142857146	159679115	159693244	chr6	-	-69287	-3	2	0	69287	3	2	0	
ENSG00000112096.17	TALONT001119318	ENSG00000285441	True	6	ISM	Known	2	1.0	ENSG00000285441_1	5.0	ENSG00000112096	ENSG00000112096_1	6	ENSG00000112096	14.0	8	83.33333333333334	100.0	35.714285714285715	75.0	-16.666666666666657	-39.285714285714285	159682609	159693278	chr6	-	-69253	3491	2	0	69253	3491	2	0	no
ENSG00000258388.7	TALONT000950767	ENSG00000241404	True	12	ISM	Known	2	1.0	ENSG00000241404_2	12.0	ENSG00000258388	ENSG00000258388_2	12	ENSG00000258388	16.0	30	100.0	100.0	75.0	40.0	0.0	35.0	32166329	32168281	chr6	+	-2	-137	-2	-8693	2	137	2	8693	
ENSG00000124593.16	TALONT000981293	ENSG00000214736	True	4	ISM	Known	2	1.0	ENSG00000214736_2	3.0	ENSG00000124593	ENSG00000124593_3	3	ENSG00000124593	4.0	16	75.0	75.0	75.0	18.75	0.0	56.25	41787661	41789895	chr6	+	1	0	-2	-6716	1	0	2	6716	
ENSG00000284707.1	TALONT000654354	ENSG00000243554	True	6	NIC	Known	2	1.0	ENSG00000243554_1	1.0	ENSG00000284707	ENSG00000284707_1	5	ENSG00000284707	10.0	34	16.666666666666664	83.33333333333334	10.0	14.705882352941178	-66.66666666666669	-4.7058823529411775	97922950	97972299	chr7	-	47	-46054	2	70815	47	46054	2	70815	
ENSG00000284707.1	TALONT000654365	ENSG00000243554	True	8	NIC	Known	2	1.0	ENSG00000243554_1	1.0	ENSG00000284707	ENSG00000284707_1	7	ENSG00000284707	10.0	34	12.5	87.5	10.0	20.588235294117645	-75.0	-10.588235294117645	97922950	97972299	chr7	-	47	-46054	2	70815	47	46054	2	70815	
ENSG00000285725.1	TALONT000654487	ENSG00000243554	True	6	NIC	Known	3	1.0	ENSG00000243554_1	4.0	ENSG00000285725	ENSG00000285725_1	2	ENSG00000285725	10.0	4	66.66666666666666	33.33333333333333	40.0	50.0	33.33333333333333	-10.0	97966376	97972299	chr7	-	47	-2628	1897	0	47	2628	1897	0	
ENSG00000285725.1	TALONT000654527	ENSG00000243554	True	4	NIC	Known	3	1.0	ENSG00000243554_1	3.0	ENSG00000285725	ENSG00000285725_1	1	ENSG00000285725	10.0	4	75.0	25.0	30.0	25.0	50.0	5.0	97966376	97972299	chr7	-	47	-2628	1897	0	47	2628	1897	0	
ENSG00000267645.5	TALONT000716419	ENSG00000267368	True	10	ISM	Known	3	1.0	ENSG00000267368_1	9.0	ENSG00000267645	ENSG00000267645_1	10	ENSG00000267645	10.0	16	90.0	100.0	90.0	62.5	-10.0	27.5	102637024	102666131	chr7	-	23342	0	-5512	-24	23342	0	5512	24	
ENSG00000267645.5	TALONT002235976	ENSG00000267368	True	8	NIC	Known	3	1.0	ENSG00000267368_1	8.0	ENSG00000205236	ENSG00000205236_1	7	ENSG00000267645	10.0	50	100.0	87.5	80.0	14.000000000000002	12.5	66.0	102637024	102642766	chr7	-	-27	0	-105	54502	27	0	105	54502	
ENSG00000272752.6	TALONT000689905	ENSG00000121716	True	12	ISM	Known	2	1.0	ENSG00000121716_3	9.0	ENSG00000272752	ENSG00000272752_1	12	ENSG00000272752	16.0	34	75.0	100.0	56.25	35.294117647058826	-25.0	20.955882352941174	100353482	100367663	chr7	+	72	253	-2	-2227	72	253	2	2227	
ENSG00000272752.6	TALONT000689999	ENSG00000121716	True	8	ISM	Known	2	1.0	ENSG00000121716_1	8.0	ENSG00000272752	ENSG00000272752_1	8	ENSG00000272752	16.0	34	100.0	100.0	50.0	23.52941176470588	0.0	26.47058823529412	100356017	100367663	chr7	+	72	732	-2	-4762	72	732	2	4762	
ENSG00000272752.6	TALONT000690022	ENSG00000121716	True	4	ISM	Known	2	1.0	ENSG00000121716_1	4.0	ENSG00000272752	ENSG00000272752_1	4	ENSG00000272752	16.0	34	100.0	100.0	25.0	11.76470588235294	0.0	13.23529411764706	100358014	100367831	chr7	+	-100	0	-2	-6759	100	0	2	6759	
ENSG00000272752.6	TALONT000690057	ENSG00000121716	True	2	ISM	Known	2	1.0	ENSG00000121716_3	2.0	ENSG00000272752	ENSG00000272752_2	2	ENSG00000272752	16.0	32	100.0	100.0	12.5	6.25	0.0	6.25	100359336	100367831	chr7	+	-100	-1322	-2	-8081	100	1322	2	8081	
ENSG00000285162.1	TALONT001652026	ENSG00000106069	True	28	NIC	Known	2	1.0	ENSG00000106069_1	23.0	ENSG00000285162	ENSG00000285162_1	26	ENSG00000285162	24.0	32	82.14285714285714	92.85714285714286	95.83333333333334	81.25	-10.714285714285722	14.583333333333343	29146588	29514328	chr7	+	-1	0	341	-18568	1	0	341	18568	no
ENSG00000285162.1	TALONT001652032	ENSG00000106069	True	30	NIC	Known	2	1.0	ENSG00000106069_1	23.0	ENSG00000285162	ENSG00000285162_1	26	ENSG00000285162	24.0	32	76.66666666666667	86.66666666666667	95.83333333333334	81.25	-10.0	14.583333333333343	29146588	29514328	chr7	+	-1	0	341	-18568	1	0	341	18568	no
ENSG00000276418.5	TALONT000948969	ENSG00000076554	True	12	ISM	Known	2	1.0	ENSG00000076554_7	10.0	ENSG00000276418	ENSG00000276418_1	8	ENSG00000276418	14.0	14	83.33333333333334	66.66666666666666	71.42857142857143	57.14285714285714	16.666666666666686	14.285714285714292	80035351	80171556	chr8	-	2	480	90783	116492	2	480	90783	116492	
ENSG00000248235.6	TALONT000889717	ENSG00000120913	True	4	ISM	Known	2	1.0	ENSG00000120913_7	4.0	ENSG00000248235	ENSG00000248235_1	4	ENSG00000248235	6.0	8	100.0	100.0	66.66666666666666	50.0	0.0	16.666666666666657	22589323	22594288	chr8	+	-2	-41	6680	0	2	41	6680	0	
ENSG00000257524.6	TALONT000647086	ENSG00000106992	True	12	ISM	Known	2	1.0	ENSG00000106992_2	11.0	ENSG00000257524	ENSG00000257524_1	12	ENSG00000257524	12.0	24	91.66666666666666	100.0	91.66666666666666	50.0	-8.333333333333343	41.66666666666666	127866490	127885589	chr9	-	7848	0	2	-1359	7848	0	2	1359	
ENSG00000257524.6	TALONT000647810	ENSG00000106992	True	12	ISM	Known	2	1.0	ENSG00000106992_1	10.0	ENSG00000257524	ENSG00000257524_1	11	ENSG00000257524	12.0	24	83.33333333333334	91.66666666666666	83.33333333333334	45.83333333333333	-8.333333333333314	37.500000000000014	127867840	127885542	chr9	-	7801	0	2	-9	7801	0	2	9	
ENSG00000257524.6	TALONT000648451	ENSG00000160408	True	12	ISM	Known	2	1.0	ENSG00000160408_7	10.0	ENSG00000257524	ENSG00000257524_6	12	ENSG00000257524	10.0	24	83.33333333333334	100.0	100.0	50.0	-16.666666666666657	50.0	127885185	127906627	chr9	-	1221	-135	607	12360	1221	135	607	12360	
ENSG00000257524.6	TALONT000648453	ENSG00000160408	True	10	ISM	Known	2	1.0	ENSG00000160408_6	10.0	ENSG00000257524	ENSG00000257524_1	9	ENSG00000257524	12.0	24	100.0	90.0	83.33333333333334	37.5	10.0	45.83333333333334	127885320	127899591	chr9	-	-4	0	2	12495	4	0	2	12495	
ENSG00000257524.6	TALONT000648473	ENSG00000160408	True	10	ISM	Known	2	1.0	ENSG00000160408_14	10.0	ENSG00000257524	ENSG00000257524_2	10	ENSG00000257524	12.0	28	100.0	100.0	83.33333333333334	35.714285714285715	0.0	47.61904761904763	127885320	127899591	chr9	-	-4	0	2	12495	4	0	2	12495	
ENSG00000257524.6	TALONT000648490	ENSG00000160408	True	10	ISM	Known	2	1.0	ENSG00000160408_2	10.0	ENSG00000257524	ENSG00000257524_2	10	ENSG00000257524	12.0	28	100.0	100.0	83.33333333333334	35.714285714285715	0.0	47.61904761904763	127885320	127899606	chr9	-	2	0	17	12495	2	0	17	12495	
ENSG00000257524.6	TALONT000648534	ENSG00000160408	True	12	ISM	Known	2	1.0	ENSG00000160408_14	11.0	ENSG00000257524	ENSG00000257524_2	11	ENSG00000257524	12.0	28	91.66666666666666	91.66666666666666	91.66666666666666	39.285714285714285	0.0	52.38095238095237	127885320	127899591	chr9	-	-4	0	2	12495	4	0	2	12495	
ENSG00000257524.6	TALONT000648539	ENSG00000160408	True	12	ISM	Known	2	1.0	ENSG00000160408_2	11.0	ENSG00000257524	ENSG00000257524_2	10	ENSG00000257524	12.0	28	91.66666666666666	83.33333333333334	91.66666666666666	35.714285714285715	8.333333333333314	55.95238095238094	127885320	127899581	chr9	-	9	0	2	12495	9	0	2	12495	
ENSG00000257524.6	TALONT000648625	ENSG00000160408	True	12	NIC	Known	2	1.0	ENSG00000160408_7	9.0	ENSG00000257524	ENSG00000257524_7	11	ENSG00000257524	10.0	26	75.0	91.66666666666666	90.0	42.30769230769231	-16.666666666666657	47.69230769230769	127885320	127906627	chr9	-	1221	0	607	12495	1221	0	607	12495	
ENSG00000257524.6	TALONT000648661	ENSG00000160408	True	12	NIC	Known	2	1.0	ENSG00000160408_2	11.0	ENSG00000257524	ENSG00000257524_1	10	ENSG00000257524	12.0	24	91.66666666666666	83.33333333333334	91.66666666666666	41.66666666666667	8.333333333333314	49.999999999999986	127885320	127899581	chr9	-	9	0	2	12495	9	0	2	12495	
ENSG00000257524.6	TALONT000648762	ENSG00000160408	True	10	ISM	Known	2	1.0	ENSG00000160408_2	9.0	ENSG00000257524	ENSG00000257524_1	9	ENSG00000257524	12.0	24	90.0	90.0	75.0	37.5	0.0	37.5	127885320	127899591	chr9	-	-4	0	2	12495	4	0	2	12495	
ENSG00000257524.6	TALONT000648921	ENSG00000160408	True	12	ISM	Known	2	1.0	ENSG00000160408_7	9.0	ENSG00000257524	ENSG00000257524_7	11	ENSG00000257524	10.0	26	75.0	91.66666666666666	90.0	42.30769230769231	-16.666666666666657	47.69230769230769	127885321	127906627	chr9	-	1221	0	607	12496	1221	0	607	12496	
ENSG00000257524.6	TALONT001622087	ENSG00000160408	True	10	ISM	Known	2	1.0	ENSG00000160408_7	9.0	ENSG00000257524	ENSG00000257524_7	9	ENSG00000257524	10.0	26	90.0	90.0	90.0	34.61538461538461	0.0	55.38461538461539	127885320	127905324	chr9	-	2	0	-653	12495	2	0	653	12495	
ENSG00000257524.6	TALONT001622089	ENSG00000160408	True	10	ISM	Known	2	1.0	ENSG00000160408_6	9.0	ENSG00000257524	ENSG00000257524_7	9	ENSG00000257524	12.0	26	90.0	90.0	75.0	34.61538461538461	0.0	40.38461538461539	127885320	127905348	chr9	-	2	0	-629	12495	2	0	629	12495	
ENSG00000257524.6	TALONT001622147	ENSG00000160408	True	12	ISM	Known	2	1.0	ENSG00000160408_2	11.0	ENSG00000257524	ENSG00000257524_7	10	ENSG00000257524	12.0	26	91.66666666666666	83.33333333333334	91.66666666666666	38.46153846153847	8.333333333333314	53.20512820512819	127885321	127905324	chr9	-	2	0	-653	12496	2	0	653	12496	
ENSG00000285602.1	TALONT001223369	ENSG00000130234	True	28	ISM	Known	2	1.0	ENSG00000130234_2	28.0	ENSG00000285602	ENSG00000285602_1	28	ENSG00000285602	36.0	38	100.0	100.0	77.77777777777779	73.68421052631578	0.0	4.093567251462005	15561046	15600917	chrX	-	-99	11	-74693	0	99	11	74693	0	yes
ENSG00000271147.7	TALONT000504522	ENSG00000125962	True	6	ISM	Known	2	1.0	ENSG00000125962_2	5.0	ENSG00000271147	ENSG00000271147_2	6	ENSG00000271147	10.0	10	83.33333333333334	100.0	50.0	60.0	-16.666666666666657	-10.0	102599511	102604153	chrX	+	-2	-2	1741	0	2	2	1741	0	
ENSG00000271147.7	TALONT000504930	ENSG00000125962	True	8	ISM	Known	2	1.0	ENSG00000125962_4	4.0	ENSG00000271147	ENSG00000271147_1	8	ENSG00000271147	6.0	10	50.0	100.0	66.66666666666666	80.0	-50.0	-13.333333333333343	102599524	102641716	chrX	+	-37559	-3	-1211	0	37559	3	1211	0	
