Name	known	gene_id	n_ss	rank	rt_gene	annot_transcript_id_x	transcript_novelty	gene_novelty	n_genes	gene_ids	n_genes_no_rt	gene_ids_no_rt	annot_transcript_id_y	n_total_ss	filt_df	gid	needs to be fixed
TALONT000930071	TRUE	ENSG00000116783	41	2	FALSE	TALONT000930071	NIC	Known	2	"ENSG00000259030,ENSG00000116783"	1	ENSG00000116783	TALONT000930071	42	97.61904762	ENSG00000259030	needs fixing
TALONT000303567	TRUE	ENSG00000243708	37	2	FALSE	TALONT000303567	ISM	Known	2	"ENSG00000168970,ENSG00000243708"	1	ENSG00000243708	TALONT000303567	38	97.36842105	ENSG00000168970	needs fixing
TALONT001372970	TRUE	ENSG00000205560	36	2	FALSE	TALONT001372970	ISM	Known	2	"ENSG00000254413,ENSG00000205560"	1	ENSG00000205560	TALONT001372970	38	94.73684211	ENSG00000254413	
TALONT000930083	TRUE	ENSG00000116783	36	1	FALSE	TALONT000930083	ISM	Known	2	"ENSG00000116783,ENSG00000259030"	1	ENSG00000116783	TALONT000930083	36	100	ENSG00000259030	needs fixing
TALONT001699259	TRUE	ENSG00000116783	34	1	FALSE	TALONT001699259	NIC	Known	2	"ENSG00000116783,ENSG00000259030"	1	ENSG00000116783	TALONT001699259	34	100	ENSG00000259030	
TALONT000930061	TRUE	ENSG00000116783	34	1	FALSE	TALONT000930061	NIC	Known	2	"ENSG00000116783,ENSG00000259030"	1	ENSG00000116783	TALONT000930061	34	100	ENSG00000259030	
TALONT001699272	TRUE	ENSG00000116783	33	1	FALSE	TALONT001699272	NIC	Known	2	"ENSG00000116783,ENSG00000259030"	1	ENSG00000116783	TALONT001699272	34	97.05882353	ENSG00000259030	
TALONT000550296	TRUE	ENSG00000188603	28	1	FALSE	TALONT000550296	NIC	Known	2	"ENSG00000188603,ENSG00000261832"	1	ENSG00000188603	TALONT000550296	28	100	ENSG00000261832	
TALONT001223369	TRUE	ENSG00000130234	28	1	FALSE	TALONT001223369	ISM	Known	2	"ENSG00000130234,ENSG00000285602"	1	ENSG00000130234	TALONT001223369	28	100	ENSG00000285602	
TALONT001652026	TRUE	ENSG00000106069	28	1	FALSE	TALONT001652026	NIC	Known	2	"ENSG00000106069,ENSG00000285162"	1	ENSG00000106069	TALONT001652026	28	100	ENSG00000285162	
TALONT001652032	TRUE	ENSG00000106069	28	1	FALSE	TALONT001652032	NIC	Known	2	"ENSG00000106069,ENSG00000285162"	1	ENSG00000106069	TALONT001652032	30	93.33333333	ENSG00000285162	does not need fixing
TALONT000989251	TRUE	ENSG00000215837	27	2	FALSE	TALONT000989251	NIC	Known	2	"ENSG00000242086,ENSG00000215837"	1	ENSG00000215837	TALONT000989251	28	96.42857143	ENSG00000242086	this locus is a lost cause but also looks pretty ok
TALONT000410848	TRUE	ENSG00000263155	26	1	FALSE	TALONT000410848	NIC	Known	2	"ENSG00000263155,ENSG00000137878"	1	ENSG00000263155	TALONT000410848	26	100	ENSG00000137878	
TALONT000989737	TRUE	ENSG00000215837	26	2	FALSE	TALONT000989737	NIC	Known	2	"ENSG00000215837,ENSG00000242086"	1	ENSG00000215837	TALONT000989737	26	100	ENSG00000242086	
TALONT000408157	TRUE	ENSG00000263155	26	1	FALSE	TALONT000408157	NIC	Known	2	"ENSG00000263155,ENSG00000137878"	1	ENSG00000263155	TALONT000408157	26	100	ENSG00000137878	
TALONT000410780	TRUE	ENSG00000263155	24	1	FALSE	TALONT000410780	ISM	Known	2	"ENSG00000263155,ENSG00000137878"	1	ENSG00000263155	TALONT000410780	24	100	ENSG00000137878	
TALONT001107144	TRUE	ENSG00000215440	24	1	FALSE	TALONT001107144	ISM	Known	2	"ENSG00000215440,ENSG00000254995"	1	ENSG00000215440	TALONT001107144	24	100	ENSG00000254995	
TALONT001313613	TRUE	ENSG00000263155	23	2	FALSE	TALONT001313613	NNC	Known	2	"ENSG00000137878,ENSG00000263155"	1	ENSG00000263155	TALONT001313613	24	95.83333333	ENSG00000137878	
TALONT000983329	TRUE	ENSG00000156875	22	2	FALSE	TALONT000983329	ISM	Known	2	"ENSG00000283761,ENSG00000156875"	1	ENSG00000156875	TALONT000983329	24	91.66666667	ENSG00000283761	
TALONT000553908	TRUE	ENSG00000239900	22	1	FALSE	TALONT000553908	ISM	Known	2	"ENSG00000239900,ENSG00000284431"	1	ENSG00000239900	TALONT000553908	22	100	ENSG00000284431	needs fixing
TALONT000408465	TRUE	ENSG00000263155	22	1	FALSE	TALONT000408465	NIC	Known	2	"ENSG00000263155,ENSG00000137878"	1	ENSG00000263155	TALONT000408465	22	100	ENSG00000137878	
TALONT000408321	TRUE	ENSG00000263155	22	2	FALSE	TALONT000408321	NIC	Known	2	"ENSG00000263155,ENSG00000137878"	1	ENSG00000263155	TALONT000408321	22	100	ENSG00000137878	
TALONT000408133	TRUE	ENSG00000263155	22	2	FALSE	TALONT000408133	ISM	Known	2	"ENSG00000263155,ENSG00000137878"	1	ENSG00000263155	TALONT000408133	22	100	ENSG00000137878	
TALONT000408184	TRUE	ENSG00000263155	22	2	FALSE	TALONT000408184	NIC	Known	2	"ENSG00000263155,ENSG00000137878"	1	ENSG00000263155	TALONT000408184	22	100	ENSG00000137878	
TALONT002262246	TRUE	ENSG00000234231	22	2	FALSE	TALONT002262246	ISM	Known	2	"ENSG00000284879,ENSG00000234231"	1	ENSG00000234231	TALONT002262246	24	91.66666667	ENSG00000284879	
TALONT000410905	TRUE	ENSG00000263155	22	2	FALSE	TALONT000410905	ISM	Known	2	"ENSG00000263155,ENSG00000137878"	1	ENSG00000263155	TALONT000410905	22	100	ENSG00000137878	yes
TALONT001107245	TRUE	ENSG00000215440	22	2	FALSE	TALONT001107245	ISM	Known	2	"ENSG00000215440,ENSG00000254995"	1	ENSG00000215440	TALONT001107245	22	100	ENSG00000254995	
TALONT000271619	TRUE	ENSG00000083454	22	2	FALSE	TALONT000271619	ISM	Known	2	"ENSG00000083454,ENSG00000257950"	1	ENSG00000083454	TALONT000271619	22	100	ENSG00000257950	
TALONT002262242	TRUE	ENSG00000234231	21	2	FALSE	TALONT002262242	ISM	Known	2	"ENSG00000284879,ENSG00000234231"	1	ENSG00000234231	TALONT002262242	24	87.5	ENSG00000284879	needs fixing
TALONT002452026	TRUE	ENSG00000156875	21	1	FALSE	TALONT002452026	ISM	Known	2	"ENSG00000156875,ENSG00000283761"	1	ENSG00000156875	TALONT002452026	22	95.45454545	ENSG00000283761	
TALONT001914882	TRUE	ENSG00000092529	20	1	FALSE	TALONT001914882	ISM	Known	2	"ENSG00000092529,ENSG00000258461"	1	ENSG00000092529	TALONT001914882	20	100	ENSG00000258461	
TALONT000983339	TRUE	ENSG00000156875	20	1	FALSE	TALONT000983339	NIC	Known	2	"ENSG00000156875,ENSG00000283761"	1	ENSG00000156875	TALONT000983339	20	100	ENSG00000283761	
TALONT000410916	TRUE	ENSG00000263155	20	2	FALSE	TALONT000410916	ISM	Known	2	"ENSG00000263155,ENSG00000137878"	1	ENSG00000263155	TALONT000410916	20	100	ENSG00000137878	
TALONT000410797	TRUE	ENSG00000263155	19	2	FALSE	TALONT000410797	NIC	Known	2	"ENSG00000137878,ENSG00000263155"	1	ENSG00000263155	TALONT000410797	20	95	ENSG00000137878	
TALONT000637494	TRUE	ENSG00000156873	18	1	FALSE	TALONT000637494	ISM	Known	2	"ENSG00000156873,ENSG00000260899"	1	ENSG00000156873	TALONT000637494	18	100	ENSG00000260899	
TALONT000643354	TRUE	ENSG00000100288	18	1	FALSE	TALONT000643354	ISM	Known	2	"ENSG00000100288,ENSG00000254413"	1	ENSG00000100288	TALONT000643354	18	100	ENSG00000254413	
TALONT000643313	TRUE	ENSG00000100288	18	1	FALSE	TALONT000643313	ISM	Known	2	"ENSG00000100288,ENSG00000254413"	1	ENSG00000100288	TALONT000643313	18	100	ENSG00000254413	
TALONT000466190	TRUE	ENSG00000213928	18	1	FALSE	TALONT000466190	ISM	Known	2	"ENSG00000213928,ENSG00000259529"	1	ENSG00000213928	TALONT000466190	18	100	ENSG00000259529	
TALONT000410927	TRUE	ENSG00000263155	18	1	FALSE	TALONT000410927	ISM	Known	2	"ENSG00000263155,ENSG00000137878"	1	ENSG00000263155	TALONT000410927	18	100	ENSG00000137878	
TALONT000948748	TRUE	ENSG00000254772	17	2	FALSE	TALONT000948748	ISM	Known	2	"ENSG00000255508,ENSG00000254772"	1	ENSG00000254772	TALONT000948748	18	94.44444444	ENSG00000255508	does not need fixing
TALONT000410934	TRUE	ENSG00000263155	16	1	FALSE	TALONT000410934	ISM	Known	2	"ENSG00000137878,ENSG00000263155"	1	ENSG00000263155	TALONT000410934	16	100	ENSG00000137878	
TALONT000637792	TRUE	ENSG00000156873	16	1	FALSE	TALONT000637792	ISM	Known	2	"ENSG00000156873,ENSG00000260899"	1	ENSG00000156873	TALONT000637792	16	100	ENSG00000260899	
TALONT000637511	TRUE	ENSG00000156873	16	1	FALSE	TALONT000637511	ISM	Known	2	"ENSG00000156873,ENSG00000260899"	1	ENSG00000156873	TALONT000637511	16	100	ENSG00000260899	
TALONT000637508	TRUE	ENSG00000156873	16	1	FALSE	TALONT000637508	NIC	Known	2	"ENSG00000156873,ENSG00000260899"	1	ENSG00000156873	TALONT000637508	16	100	ENSG00000260899	
TALONT000638355	TRUE	ENSG00000156873	16	1	FALSE	TALONT000638355	ISM	Known	2	"ENSG00000156873,ENSG00000260899"	1	ENSG00000156873	TALONT000638355	16	100	ENSG00000260899	
TALONT000347527	TRUE	ENSG00000184702	16	1	FALSE	TALONT000347527	NIC	Known	2	"ENSG00000184702,ENSG00000284874"	1	ENSG00000184702	TALONT000347527	16	100	ENSG00000284874	
TALONT000560544	TRUE	ENSG00000095059	16	1	FALSE	TALONT000560544	NIC	Known	2	"ENSG00000095059,ENSG00000285589"	1	ENSG00000095059	TALONT000560544	16	100	ENSG00000285589	
TALONT000560879	TRUE	ENSG00000095059	16	1	FALSE	TALONT000560879	NIC	Known	2	"ENSG00000095059,ENSG00000285589"	1	ENSG00000095059	TALONT000560879	16	100	ENSG00000285589	
TALONT000643268	TRUE	ENSG00000100288	16	1	FALSE	TALONT000643268	ISM	Known	2	"ENSG00000100288,ENSG00000254413"	1	ENSG00000100288	TALONT000643268	16	100	ENSG00000254413	
TALONT000643341	TRUE	ENSG00000100288	16	1	FALSE	TALONT000643341	ISM	Known	2	"ENSG00000100288,ENSG00000254413"	1	ENSG00000100288	TALONT000643341	16	100	ENSG00000254413	
TALONT000643252	TRUE	ENSG00000100288	16	1	FALSE	TALONT000643252	ISM	Known	2	"ENSG00000100288,ENSG00000254413"	1	ENSG00000100288	TALONT000643252	16	100	ENSG00000254413	
TALONT000560145	TRUE	ENSG00000095059	16	1	FALSE	TALONT000560145	ISM	Known	2	"ENSG00000095059,ENSG00000285589"	1	ENSG00000095059	TALONT000560145	16	100	ENSG00000285589	
TALONT000466988	TRUE	ENSG00000213928	15	2	FALSE	TALONT000466988	NNC	Known	2	"ENSG00000213928,ENSG00000259529"	1	ENSG00000213928	TALONT000466988	16	93.75	ENSG00000259529	needs fixing
TALONT000636819	TRUE	ENSG00000014919	15	1	FALSE	TALONT000636819	ISM	Known	2	"ENSG00000014919,ENSG00000285932"	1	ENSG00000014919	TALONT000636819	16	93.75	ENSG00000285932	does not need fixing
TALONT001003889	TRUE	ENSG00000268500	15	2	FALSE	TALONT001003889	ISM	Known	2	"ENSG00000105501,ENSG00000268500"	1	ENSG00000268500	TALONT001003889	16	93.75	ENSG00000105501	does not need fixing
TALONT000637497	TRUE	ENSG00000156873	15	1	FALSE	TALONT000637497	ISM	Known	2	"ENSG00000156873,ENSG00000260899"	1	ENSG00000156873	TALONT000637497	16	93.75	ENSG00000260899	needs fixing
TALONT000347957	TRUE	ENSG00000184702	14	1	FALSE	TALONT000347957	ISM	Known	2	"ENSG00000284874,ENSG00000184702"	1	ENSG00000184702	TALONT000347957	14	100	ENSG00000284874	
TALONT000410941	TRUE	ENSG00000263155	14	1	FALSE	TALONT000410941	ISM	Known	2	"ENSG00000137878,ENSG00000263155"	1	ENSG00000263155	TALONT000410941	14	100	ENSG00000137878	
TALONT000560160	TRUE	ENSG00000095059	14	1	FALSE	TALONT000560160	NIC	Known	2	"ENSG00000095059,ENSG00000285589"	1	ENSG00000095059	TALONT000560160	14	100	ENSG00000285589	
TALONT000560912	TRUE	ENSG00000095059	14	1	FALSE	TALONT000560912	NIC	Known	2	"ENSG00000285589,ENSG00000095059"	1	ENSG00000095059	TALONT000560912	14	100	ENSG00000285589	
TALONT000965659	TRUE	ENSG00000214753	14	1	FALSE	TALONT000965659	ISM	Known	2	"ENSG00000214753,ENSG00000234857"	1	ENSG00000214753	TALONT000965659	14	100	ENSG00000234857	
TALONT000643249	TRUE	ENSG00000100288	14	1	FALSE	TALONT000643249	ISM	Known	2	"ENSG00000100288,ENSG00000254413"	1	ENSG00000100288	TALONT000643249	14	100	ENSG00000254413	
TALONT000467068	TRUE	ENSG00000213928	14	2	FALSE	TALONT000467068	ISM	Known	2	"ENSG00000213928,ENSG00000259529"	1	ENSG00000213928	TALONT000467068	14	100	ENSG00000259529	
TALONT000466506	TRUE	ENSG00000213928	14	2	FALSE	TALONT000466506	NIC	Known	2	"ENSG00000213928,ENSG00000259529"	1	ENSG00000213928	TALONT000466506	14	100	ENSG00000259529	
TALONT002800029	TRUE	ENSG00000213999	14	1	FALSE	TALONT002800029	NIC	Known	2	"ENSG00000213999,ENSG00000064489"	1	ENSG00000213999	TALONT002800029	14	100	ENSG00000064489	
TALONT000431066	TRUE	ENSG00000277726	14	1	FALSE	TALONT000431066	NIC	Known	2	"ENSG00000120948,ENSG00000277726"	1	ENSG00000277726	TALONT000431066	14	100	ENSG00000120948	
TALONT000637495	TRUE	ENSG00000156873	14	1	FALSE	TALONT000637495	ISM	Known	2	"ENSG00000156873,ENSG00000260899"	1	ENSG00000156873	TALONT000637495	14	100	ENSG00000260899	
TALONT004125006	TRUE	ENSG00000213999	14	1	FALSE	TALONT004125006	ISM	Known	2	"ENSG00000213999,ENSG00000064489"	1	ENSG00000213999	TALONT004125006	14	100	ENSG00000064489	
TALONT000988203	TRUE	ENSG00000250506	13	2	FALSE	TALONT000988203	ISM	Known	2	"ENSG00000250506,ENSG00000261408"	1	ENSG00000250506	TALONT000988203	14	92.85714286	ENSG00000261408	probably should be fixed
TALONT000628587	TRUE	ENSG00000261052	12	2	FALSE	TALONT000628587	ISM	Known	2	"ENSG00000213599,ENSG00000261052"	1	ENSG00000261052	TALONT000628587	12	100	ENSG00000213599	
TALONT001116868	TRUE	ENSG00000197114	12	2	FALSE	TALONT001116868	NIC	Known	4	"ENSG00000273154,ENSG00000197114,ENSG00000203896,ENSG00000273047"	1	ENSG00000197114	TALONT001116868	20	60	ENSG00000273154	
TALONT001116827	TRUE	ENSG00000197114	12	1	FALSE	TALONT001116827	NIC	Known	2	"ENSG00000197114,ENSG00000273154"	1	ENSG00000197114	TALONT001116827	12	100	ENSG00000273154	
TALONT000648661	TRUE	ENSG00000160408	12	1	FALSE	TALONT000648661	NIC	Known	2	"ENSG00000160408,ENSG00000257524"	1	ENSG00000160408	TALONT000648661	12	100	ENSG00000257524	
TALONT000648534	TRUE	ENSG00000160408	12	1	FALSE	TALONT000648534	ISM	Known	2	"ENSG00000160408,ENSG00000257524"	1	ENSG00000160408	TALONT000648534	12	100	ENSG00000257524	
TALONT000648539	TRUE	ENSG00000160408	12	1	FALSE	TALONT000648539	ISM	Known	2	"ENSG00000160408,ENSG00000257524"	1	ENSG00000160408	TALONT000648539	12	100	ENSG00000257524	
TALONT000302825	TRUE	ENSG00000243789	12	1	FALSE	TALONT000302825	ISM	Known	2	"ENSG00000168970,ENSG00000243789"	1	ENSG00000243789	TALONT000302825	12	100	ENSG00000168970	
TALONT000689905	TRUE	ENSG00000121716	12	2	FALSE	TALONT000689905	ISM	Known	2	"ENSG00000272752,ENSG00000121716"	1	ENSG00000121716	TALONT000689905	12	100	ENSG00000272752	
TALONT000466371	TRUE	ENSG00000213928	12	2	FALSE	TALONT000466371	ISM	Known	2	"ENSG00000259529,ENSG00000213928"	1	ENSG00000213928	TALONT000466371	12	100	ENSG00000259529	
TALONT001622147	TRUE	ENSG00000160408	12	1	FALSE	TALONT001622147	ISM	Known	2	"ENSG00000257524,ENSG00000160408"	1	ENSG00000160408	TALONT001622147	12	100	ENSG00000257524	
TALONT000757499	TRUE	ENSG00000161265	12	1	FALSE	TALONT000757499	NIC	Known	2	"ENSG00000161265,ENSG00000267120"	1	ENSG00000161265	TALONT000757499	12	100	ENSG00000267120	
TALONT000560249	TRUE	ENSG00000095059	12	1	FALSE	TALONT000560249	NIC	Known	2	"ENSG00000095059,ENSG00000285589"	1	ENSG00000095059	TALONT000560249	12	100	ENSG00000285589	
TALONT000950767	TRUE	ENSG00000241404	12	2	FALSE	TALONT000950767	ISM	Known	2	"ENSG00000258388,ENSG00000241404"	1	ENSG00000241404	TALONT000950767	12	100	ENSG00000258388	
TALONT000431076	TRUE	ENSG00000277726	12	1	FALSE	TALONT000431076	ISM	Known	2	"ENSG00000277726,ENSG00000120948"	1	ENSG00000277726	TALONT000431076	12	100	ENSG00000120948	
TALONT000431260	TRUE	ENSG00000277726	12	2	FALSE	TALONT000431260	NIC	Known	2	"ENSG00000120948,ENSG00000277726"	1	ENSG00000277726	TALONT000431260	12	100	ENSG00000120948	
TALONT000446694	TRUE	ENSG00000175106	12	2	FALSE	TALONT000446694	NIC	Known	3	"ENSG00000259024,ENSG00000175106,ENSG00000239704"	1	ENSG00000175106	TALONT000446694	16	75	ENSG00000259024	
TALONT000446720	TRUE	ENSG00000175106	12	2	FALSE	TALONT000446720	NIC	Known	3	"ENSG00000259024,ENSG00000175106,ENSG00000239704"	1	ENSG00000175106	TALONT000446720	14	85.71428571	ENSG00000259024	
TALONT000447845	TRUE	ENSG00000175106	12	1	FALSE	TALONT000447845	ISM	Known	2	"ENSG00000259024,ENSG00000175106"	1	ENSG00000175106	TALONT000447845	12	100	ENSG00000259024	
TALONT000580383	TRUE	ENSG00000213648	12	2	FALSE	TALONT000580383	ISM	Known	2	"ENSG00000213648,ENSG00000260280"	1	ENSG00000213648	TALONT000580383	12	100	ENSG00000260280	
TALONT000983726	TRUE	ENSG00000182450	12	2	FALSE	TALONT000983726	ISM	Known	2	"ENSG00000257069,ENSG00000182450"	1	ENSG00000182450	TALONT000983726	12	100	ENSG00000257069	
TALONT000737658	TRUE	ENSG00000135392	12	1	FALSE	TALONT000737658	ISM	Known	2	"ENSG00000135392,ENSG00000257390"	1	ENSG00000135392	TALONT000737658	12	100	ENSG00000257390	
TALONT000902203	TRUE	ENSG00000151967	11	2	FALSE	TALONT000902203	NIC	Known	2	"ENSG00000283154,ENSG00000151967"	1	ENSG00000151967	TALONT000902203	14	78.57142857	ENSG00000283154	does not need fixing
TALONT000431147	TRUE	ENSG00000277726	11	2	FALSE	TALONT000431147	NIC	Known	2	"ENSG00000120948,ENSG00000277726"	1	ENSG00000277726	TALONT000431147	12	91.66666667	ENSG00000120948	does not need fixing
TALONT000902302	TRUE	ENSG00000151967	11	2	FALSE	TALONT000902302	NIC	Known	2	"ENSG00000283154,ENSG00000151967"	1	ENSG00000151967	TALONT000902302	14	78.57142857	ENSG00000283154	
TALONT000902091	TRUE	ENSG00000151967	11	2	FALSE	TALONT000902091	NIC	Known	2	"ENSG00000283154,ENSG00000151967"	1	ENSG00000151967	TALONT000902091	14	78.57142857	ENSG00000283154	
TALONT000647810	TRUE	ENSG00000106992	11	1	FALSE	TALONT000647810	ISM	Known	2	"ENSG00000257524,ENSG00000106992"	1	ENSG00000106992	TALONT000647810	12	91.66666667	ENSG00000257524	
TALONT000902232	TRUE	ENSG00000151967	11	2	FALSE	TALONT000902232	NIC	Known	2	"ENSG00000283154,ENSG00000151967"	1	ENSG00000151967	TALONT000902232	14	78.57142857	ENSG00000283154	
TALONT000902227	TRUE	ENSG00000151967	11	2	FALSE	TALONT000902227	NIC	Known	2	"ENSG00000283154,ENSG00000151967"	1	ENSG00000151967	TALONT000902227	14	78.57142857	ENSG00000283154	
TALONT000902318	TRUE	ENSG00000151967	11	2	FALSE	TALONT000902318	ISM	Known	2	"ENSG00000283154,ENSG00000151967"	1	ENSG00000151967	TALONT000902318	12	91.66666667	ENSG00000283154	
TALONT000902321	TRUE	ENSG00000151967	11	2	FALSE	TALONT000902321	ISM	Known	2	"ENSG00000283154,ENSG00000151967"	1	ENSG00000151967	TALONT000902321	12	91.66666667	ENSG00000283154	
TALONT000446832	TRUE	ENSG00000175106	11	2	FALSE	TALONT000446832	NIC	Known	3	"ENSG00000259024,ENSG00000175106,ENSG00000239704"	1	ENSG00000175106	TALONT000446832	12	91.66666667	ENSG00000259024	
TALONT000446670	TRUE	ENSG00000175106	11	2	FALSE	TALONT000446670	NIC	Known	3	"ENSG00000259024,ENSG00000175106,ENSG00000239704"	1	ENSG00000175106	TALONT000446670	14	78.57142857	ENSG00000259024	
TALONT000647086	TRUE	ENSG00000106992	11	2	FALSE	TALONT000647086	ISM	Known	2	"ENSG00000257524,ENSG00000106992"	1	ENSG00000106992	TALONT000647086	12	91.66666667	ENSG00000257524	
TALONT001122495	TRUE	ENSG00000143543	10	1	FALSE	TALONT001122495	ISM	Known	3	"ENSG00000143543,ENSG00000285641,ENSG00000285779"	1	ENSG00000143543	TALONT001122495	10	100	ENSG00000285641	
TALONT001116925	TRUE	ENSG00000197114	10	2	FALSE	TALONT001116925	ISM	Known	2	"ENSG00000273154,ENSG00000197114"	1	ENSG00000197114	TALONT001116925	10	100	ENSG00000273154	
TALONT000268735	TRUE	ENSG00000197417	10	2	FALSE	TALONT000268735	NIC	Known	2	"ENSG00000262304,ENSG00000197417"	1	ENSG00000197417	TALONT000268735	10	100	ENSG00000262304	
TALONT000446706	TRUE	ENSG00000175106	10	2	FALSE	TALONT000446706	NIC	Known	3	"ENSG00000259024,ENSG00000175106,ENSG00000239704"	1	ENSG00000175106	TALONT000446706	14	71.42857143	ENSG00000259024	does not need fixing
TALONT002277371	TRUE	ENSG00000213999	10	1	FALSE	TALONT002277371	ISM	Known	2	"ENSG00000213999,ENSG00000064489"	1	ENSG00000213999	TALONT002277371	10	100	ENSG00000064489	
TALONT000560239	TRUE	ENSG00000095059	10	2	FALSE	TALONT000560239	NIC	Known	2	"ENSG00000285589,ENSG00000095059"	1	ENSG00000095059	TALONT000560239	10	100	ENSG00000285589	
TALONT000431769	TRUE	ENSG00000277726	10	2	FALSE	TALONT000431769	NIC	Known	2	"ENSG00000120948,ENSG00000277726"	1	ENSG00000277726	TALONT000431769	12	83.33333333	ENSG00000120948	
TALONT001622087	TRUE	ENSG00000160408	10	1	FALSE	TALONT001622087	ISM	Known	2	"ENSG00000160408,ENSG00000257524"	1	ENSG00000160408	TALONT001622087	10	100	ENSG00000257524	
TALONT001622089	TRUE	ENSG00000160408	10	1	FALSE	TALONT001622089	ISM	Known	2	"ENSG00000160408,ENSG00000257524"	1	ENSG00000160408	TALONT001622089	10	100	ENSG00000257524	
TALONT001701586	TRUE	ENSG00000182450	10	1	FALSE	TALONT001701586	NIC	Known	2	"ENSG00000182450,ENSG00000257069"	1	ENSG00000182450	TALONT001701586	10	100	ENSG00000257069	
TALONT000392415	TRUE	ENSG00000284128	10	1	FALSE	TALONT000392415	NIC	Known	2	"ENSG00000284128,ENSG00000215481"	1	ENSG00000284128	TALONT000392415	12	83.33333333	ENSG00000215481	
TALONT000948969	TRUE	ENSG00000076554	10	1	FALSE	TALONT000948969	ISM	Known	2	"ENSG00000076554,ENSG00000276418"	1	ENSG00000076554	TALONT000948969	12	83.33333333	ENSG00000276418	
TALONT000648625	TRUE	ENSG00000160408	10	2	FALSE	TALONT000648625	NIC	Known	2	"ENSG00000257524,ENSG00000160408"	1	ENSG00000160408	TALONT000648625	12	83.33333333	ENSG00000257524	
TALONT000648921	TRUE	ENSG00000160408	10	2	FALSE	TALONT000648921	ISM	Known	2	"ENSG00000257524,ENSG00000160408"	1	ENSG00000160408	TALONT000648921	12	83.33333333	ENSG00000257524	
TALONT000648762	TRUE	ENSG00000160408	10	1	FALSE	TALONT000648762	ISM	Known	2	"ENSG00000160408,ENSG00000257524"	1	ENSG00000160408	TALONT000648762	10	100	ENSG00000257524	
TALONT000648490	TRUE	ENSG00000160408	10	1	FALSE	TALONT000648490	ISM	Known	2	"ENSG00000257524,ENSG00000160408"	1	ENSG00000160408	TALONT000648490	10	100	ENSG00000257524	
TALONT000648473	TRUE	ENSG00000160408	10	2	FALSE	TALONT000648473	ISM	Known	2	"ENSG00000257524,ENSG00000160408"	1	ENSG00000160408	TALONT000648473	10	100	ENSG00000257524	
TALONT000648453	TRUE	ENSG00000160408	10	1	FALSE	TALONT000648453	ISM	Known	2	"ENSG00000160408,ENSG00000257524"	1	ENSG00000160408	TALONT000648453	10	100	ENSG00000257524	
TALONT000648451	TRUE	ENSG00000160408	10	2	FALSE	TALONT000648451	ISM	Known	2	"ENSG00000257524,ENSG00000160408"	1	ENSG00000160408	TALONT000648451	12	83.33333333	ENSG00000257524	
TALONT001061770	TRUE	ENSG00000088876	10	1	FALSE	TALONT001061770	ISM	Known	2	"ENSG00000088876,ENSG00000256566"	1	ENSG00000088876	TALONT001061770	10	100	ENSG00000256566	
TALONT000874281	TRUE	ENSG00000136450	10	1	FALSE	TALONT000874281	ISM	Known	2	"ENSG00000136450,ENSG00000266086"	1	ENSG00000136450	TALONT000874281	10	100	ENSG00000266086	
TALONT000637622	TRUE	ENSG00000156873	10	1	FALSE	TALONT000637622	ISM	Known	2	"ENSG00000156873,ENSG00000260899"	1	ENSG00000156873	TALONT000637622	10	100	ENSG00000260899	
TALONT000643472	TRUE	ENSG00000100288	10	1	FALSE	TALONT000643472	ISM	Known	2	"ENSG00000100288,ENSG00000254413"	1	ENSG00000100288	TALONT000643472	10	100	ENSG00000254413	
TALONT000761310	TRUE	ENSG00000239382	10	1	FALSE	TALONT000761310	ISM	Known	2	"ENSG00000239382,ENSG00000248101"	1	ENSG00000239382	TALONT000761310	10	100	ENSG00000248101	
TALONT000392510	TRUE	ENSG00000284128	9	1	FALSE	TALONT000392510	NIC	Known	2	"ENSG00000284128,ENSG00000215481"	1	ENSG00000284128	TALONT000392510	12	75	ENSG00000215481	
TALONT000446661	TRUE	ENSG00000175106	9	2	FALSE	TALONT000446661	NIC	Known	3	"ENSG00000259024,ENSG00000175106,ENSG00000239704"	1	ENSG00000175106	TALONT000446661	12	75	ENSG00000259024	
TALONT000716419	TRUE	ENSG00000267368	9	2	FALSE	TALONT000716419	ISM	Known	3	"ENSG00000267645,ENSG00000267368,ENSG00000205236"	1	ENSG00000267368	TALONT000716419	10	90	ENSG00000267645	
TALONT000392434	TRUE	ENSG00000284128	8	1	FALSE	TALONT000392434	NIC	Known	2	"ENSG00000284128,ENSG00000215481"	1	ENSG00000284128	TALONT000392434	10	80	ENSG00000215481	
TALONT000874287	TRUE	ENSG00000136450	8	1	FALSE	TALONT000874287	ISM	Known	2	"ENSG00000136450,ENSG00000266086"	1	ENSG00000136450	TALONT000874287	8	100	ENSG00000266086	
TALONT000874298	TRUE	ENSG00000136450	8	1	FALSE	TALONT000874298	NIC	Known	2	"ENSG00000136450,ENSG00000266086"	1	ENSG00000136450	TALONT000874298	8	100	ENSG00000266086	
TALONT000516336	TRUE	ENSG00000267673	8	1	FALSE	TALONT000516336	ISM	Known	3	"ENSG00000267673,ENSG00000167807,ENSG00000267303"	1	ENSG00000267673	TALONT000516336	8	100	ENSG00000167807	
TALONT000516344	TRUE	ENSG00000267673	8	2	FALSE	TALONT000516344	ISM	Known	3	"ENSG00000167807,ENSG00000267673,ENSG00000267303"	1	ENSG00000267673	TALONT000516344	8	100	ENSG00000167807	
TALONT000431429	TRUE	ENSG00000277726	8	2	FALSE	TALONT000431429	ISM	Known	2	"ENSG00000120948,ENSG00000277726"	1	ENSG00000277726	TALONT000431429	8	100	ENSG00000120948	
TALONT002235976	TRUE	ENSG00000267368	8	1	FALSE	TALONT002235976	NIC	Known	3	"ENSG00000267368,ENSG00000205236,ENSG00000267645"	1	ENSG00000267368	TALONT002235976	8	100	ENSG00000267645	
TALONT000775053	TRUE	ENSG00000198182	8	1	FALSE	TALONT000775053	ISM	Known	2	"ENSG00000198182,ENSG00000267552"	1	ENSG00000198182	TALONT000775053	8	100	ENSG00000267552	
TALONT000471602	TRUE	ENSG00000213920	8	1	FALSE	TALONT000471602	ISM	Known	3	"ENSG00000260669,ENSG00000213920,ENSG00000255526"	1	ENSG00000213920	TALONT000471602	8	100	ENSG00000260669	
TALONT000668133	TRUE	ENSG00000197978	8	1	FALSE	TALONT000668133	ISM	Known	2	"ENSG00000197978,ENSG00000278202"	1	ENSG00000197978	TALONT000668133	8	100	ENSG00000259429	
TALONT000689999	TRUE	ENSG00000121716	8	1	FALSE	TALONT000689999	ISM	Known	2	"ENSG00000121716,ENSG00000272752"	1	ENSG00000121716	TALONT000689999	8	100	ENSG00000272752	
TALONT001118671	TRUE	ENSG00000285441	8	2	FALSE	TALONT001118671	NNC	Known	2	"ENSG00000112096,ENSG00000285441"	1	ENSG00000285441	TALONT001118671	10	80	ENSG00000112096	
TALONT000643557	TRUE	ENSG00000100288	8	1	FALSE	TALONT000643557	NIC	Known	2	"ENSG00000100288,ENSG00000254413"	1	ENSG00000100288	TALONT000643557	8	100	ENSG00000254413	
TALONT001004254	TRUE	ENSG00000198093	8	2	FALSE	TALONT001004254	ISM	Known	2	"ENSG00000161551,ENSG00000198093"	1	ENSG00000198093	TALONT001004254	18	44.44444444	ENSG00000161551	
TALONT001004192	TRUE	ENSG00000198093	8	2	FALSE	TALONT001004192	NIC	Known	2	"ENSG00000161551,ENSG00000198093"	1	ENSG00000198093	TALONT001004192	20	40	ENSG00000161551	
TALONT000989199	TRUE	ENSG00000215837	8	1	FALSE	TALONT000989199	ISM	Known	2	"ENSG00000215837,ENSG00000242086"	1	ENSG00000215837	TALONT000989199	8	100	ENSG00000242086	
TALONT000397394	TRUE	ENSG00000256594	7	1	FALSE	TALONT000397394	NIC	Known	3	"ENSG00000256594,ENSG00000284634,ENSG00000272917"	1	ENSG00000256594	TALONT000397394	8	87.5	ENSG00000272917	
TALONT000756882	TRUE	ENSG00000126246	7	2	FALSE	TALONT000756882	ISM	Known	2	"ENSG00000267120,ENSG00000126246"	1	ENSG00000126246	TALONT000756882	8	87.5	ENSG00000267120	
TALONT000244006	TRUE	ENSG00000285035	7	4	FALSE	TALONT000244006	NIC	Known	4	"ENSG00000284906,ENSG00000285077,ENSG00000285035,ENSG00000187951"	1	ENSG00000285035	TALONT000244006	26	26.92307692	ENSG00000187951	
TALONT001118783	TRUE	ENSG00000285441	7	2	FALSE	TALONT001118783	NIC	Known	2	"ENSG00000112096,ENSG00000285441"	1	ENSG00000285441	TALONT001118783	8	87.5	ENSG00000112096	
TALONT001202150	TRUE	ENSG00000285035	7	4	FALSE	TALONT001202150	ISM	Known	4	"ENSG00000284906,ENSG00000285077,ENSG00000285035,ENSG00000187951"	1	ENSG00000285035	TALONT001202150	28	25	ENSG00000187951	
TALONT000732916	TRUE	ENSG00000135441	6	1	FALSE	TALONT000732916	NIC	Known	2	"ENSG00000135441,ENSG00000258311"	1	ENSG00000135441	TALONT000732916	8	75	ENSG00000258311	
TALONT003471763	TRUE	ENSG00000183542	6	2	FALSE	TALONT003471763	NNC	Known	2	"ENSG00000255819,ENSG00000183542"	1	ENSG00000183542	TALONT003471763	10	60	ENSG00000255819	
TALONT000691564	TRUE	ENSG00000091009	6	2	FALSE	TALONT000691564	ISM	Known	2	"ENSG00000275740,ENSG00000091009"	1	ENSG00000091009	TALONT000691564	6	100	ENSG00000275740	
TALONT001107701	TRUE	ENSG00000149300	6	2	FALSE	TALONT001107701	NNC	Known	2	"ENSG00000254445,ENSG00000149300"	1	ENSG00000149300	TALONT001107701	8	75	ENSG00000254445	
TALONT000792848	TRUE	ENSG00000164008	6	1	FALSE	TALONT000792848	NIC	Known	2	"ENSG00000164008,ENSG00000283580"	1	ENSG00000164008	TALONT000792848	6	100	ENSG00000283580	
TALONT001118744	TRUE	ENSG00000285441	6	1	FALSE	TALONT001118744	ISM	Known	2	"ENSG00000285441,ENSG00000112096"	1	ENSG00000285441	TALONT001118744	6	100	ENSG00000112096	
TALONT001118835	TRUE	ENSG00000285441	6	2	FALSE	TALONT001118835	NIC	Known	2	"ENSG00000112096,ENSG00000285441"	1	ENSG00000285441	TALONT001118835	8	75	ENSG00000112096	
TALONT001118871	TRUE	ENSG00000285441	6	2	FALSE	TALONT001118871	NNC	Known	2	"ENSG00000112096,ENSG00000285441"	1	ENSG00000285441	TALONT001118871	8	75	ENSG00000112096	
TALONT000874657	TRUE	ENSG00000136450	6	1	FALSE	TALONT000874657	NIC	Known	2	"ENSG00000136450,ENSG00000266086"	1	ENSG00000136450	TALONT000874657	6	100	ENSG00000266086	
TALONT000926314	TRUE	ENSG00000214176	6	1	FALSE	TALONT000926314	ISM	Known	2	"ENSG00000214176,ENSG00000215769"	1	ENSG00000214176	TALONT000926314	10	60	ENSG00000215769	
TALONT000909203	TRUE	ENSG00000167985	6	1	FALSE	TALONT000909203	NIC	Known	2	"ENSG00000167985,ENSG00000256591"	1	ENSG00000167985	TALONT000909203	8	75	ENSG00000256591	
TALONT000242447	TRUE	ENSG00000242715	6	1	FALSE	TALONT000242447	ISM	Known	2	"ENSG00000242715,ENSG00000250709"	1	ENSG00000242715	TALONT000242447	6	100	ENSG00000250709	
TALONT000433356	TRUE	ENSG00000277726	6	2	FALSE	TALONT000433356	ISM	Known	2	"ENSG00000277726,ENSG00000120948"	1	ENSG00000277726	TALONT000433356	6	100	ENSG00000120948	
TALONT000397359	TRUE	ENSG00000256594	6	2	FALSE	TALONT000397359	NNC	Known	3	"ENSG00000284634,ENSG00000256594,ENSG00000272917"	1	ENSG00000256594	TALONT000397359	8	75	ENSG00000272917	
TALONT000341061	TRUE	ENSG00000237517	6	2	FALSE	TALONT000341061	ISM	Known	2	"ENSG00000273032,ENSG00000237517"	1	ENSG00000237517	TALONT000341061	6	100	ENSG00000273032	
TALONT000909041	TRUE	ENSG00000167985	5	2	FALSE	TALONT000909041	NIC	Known	2	"ENSG00000256591,ENSG00000167985"	1	ENSG00000167985	TALONT000909041	8	62.5	ENSG00000256591	
TALONT000908976	TRUE	ENSG00000167985	5	2	FALSE	TALONT000908976	NNC	Known	2	"ENSG00000256591,ENSG00000167985"	1	ENSG00000167985	TALONT000908976	6	83.33333333	ENSG00000256591	
TALONT001531840	TRUE	ENSG00000148832	5	1	FALSE	TALONT001531840	ISM	Known	2	"ENSG00000148832,ENSG00000254536"	1	ENSG00000148832	TALONT001531840	6	83.33333333	ENSG00000148824	
TALONT000747980	TRUE	ENSG00000205220	5	2	FALSE	TALONT000747980	ISM	Known	2	"ENSG00000261884,ENSG00000205220"	1	ENSG00000205220	TALONT000747980	6	83.33333333	ENSG00000261884	
TALONT001119318	TRUE	ENSG00000285441	5	2	FALSE	TALONT001119318	ISM	Known	2	"ENSG00000112096,ENSG00000285441"	1	ENSG00000285441	TALONT001119318	6	83.33333333	ENSG00000112096	
TALONT000410987	TRUE	ENSG00000263155	5	2	FALSE	TALONT000410987	ISM	Known	2	"ENSG00000137878,ENSG00000263155"	1	ENSG00000263155	TALONT000410987	6	83.33333333	ENSG00000137878	
TALONT000397377	TRUE	ENSG00000256594	5	1	FALSE	TALONT000397377	NIC	Known	3	"ENSG00000284634,ENSG00000272917,ENSG00000256594"	1	ENSG00000256594	TALONT000397377	6	83.33333333	ENSG00000272917	
TALONT000341096	TRUE	ENSG00000237517	5	2	FALSE	TALONT000341096	NIC	Known	2	"ENSG00000273032,ENSG00000237517"	1	ENSG00000237517	TALONT000341096	8	62.5	ENSG00000273032	
TALONT000385143	TRUE	ENSG00000099977	5	2	FALSE	TALONT000385143	NIC	Known	2	"ENSG00000285762,ENSG00000099977"	1	ENSG00000099977	TALONT000385143	6	83.33333333	ENSG00000285762	
TALONT000504522	TRUE	ENSG00000125962	5	2	FALSE	TALONT000504522	ISM	Known	2	"ENSG00000271147,ENSG00000125962"	1	ENSG00000125962	TALONT000504522	6	83.33333333	ENSG00000271147	
TALONT000756915	TRUE	ENSG00000126246	5	2	FALSE	TALONT000756915	NIC	Known	2	"ENSG00000267120,ENSG00000126246"	1	ENSG00000126246	TALONT000756915	6	83.33333333	ENSG00000267120	
TALONT000756927	TRUE	ENSG00000126246	5	2	FALSE	TALONT000756927	NIC	Known	2	"ENSG00000126246,ENSG00000267120"	1	ENSG00000126246	TALONT000756927	6	83.33333333	ENSG00000267120	
TALONT000513944	TRUE	ENSG00000134970	5	1	FALSE	TALONT000513944	ISM	Known	2	"ENSG00000134970,ENSG00000251201"	1	ENSG00000134970	TALONT000513944	6	83.33333333	ENSG00000251201	
TALONT001118729	TRUE	ENSG00000285441	4	2	FALSE	TALONT001118729	ISM	Known	2	"ENSG00000285441,ENSG00000112096"	1	ENSG00000285441	TALONT001118729	4	100	ENSG00000112096	
TALONT000873770	TRUE	ENSG00000264112	4	1	FALSE	TALONT000873770	ISM	Known	2	"ENSG00000264112,ENSG00000266086"	1	ENSG00000264112	TALONT000873770	4	100	ENSG00000266086	
TALONT000920002	TRUE	ENSG00000273340	4	1	FALSE	TALONT000920002	ISM	Known	2	"ENSG00000273340,ENSG00000214922"	1	ENSG00000273340	TALONT000920002	4	100	ENSG00000214922	
TALONT000889717	TRUE	ENSG00000120913	4	2	FALSE	TALONT000889717	ISM	Known	2	"ENSG00000248235,ENSG00000120913"	1	ENSG00000120913	TALONT000889717	4	100	ENSG00000248235	
TALONT000960368	TRUE	ENSG00000225950	4	2	FALSE	TALONT000960368	ISM	Known	2	"ENSG00000283663,ENSG00000225950"	1	ENSG00000225950	TALONT000960368	4	100	ENSG00000283663	
TALONT000690022	TRUE	ENSG00000121716	4	1	FALSE	TALONT000690022	ISM	Known	2	"ENSG00000272752,ENSG00000121716"	1	ENSG00000121716	TALONT000690022	4	100	ENSG00000272752	
TALONT000377473	TRUE	ENSG00000251079	4	2	FALSE	TALONT000377473	ISM	Known	2	"ENSG00000254929,ENSG00000251079"	1	ENSG00000251079	TALONT000377473	6	66.66666667	ENSG00000254929	
TALONT000654487	TRUE	ENSG00000243554	4	1	FALSE	TALONT000654487	NIC	Known	3	"ENSG00000243554,ENSG00000285725,ENSG00000284707"	1	ENSG00000243554	TALONT000654487	6	66.66666667	ENSG00000285725	
TALONT000467175	TRUE	ENSG00000213928	4	1	FALSE	TALONT000467175	ISM	Known	2	"ENSG00000259529,ENSG00000213928"	1	ENSG00000213928	TALONT000467175	4	100	ENSG00000259529	
TALONT000516339	TRUE	ENSG00000267673	4	1	FALSE	TALONT000516339	ISM	Known	2	"ENSG00000167807,ENSG00000267673"	1	ENSG00000267673	TALONT000516339	4	100	ENSG00000167807	
TALONT000516690	TRUE	ENSG00000161847	4	1	FALSE	TALONT000516690	ISM	Known	2	"ENSG00000267303,ENSG00000161847"	1	ENSG00000161847	TALONT000516690	4	100	ENSG00000267303	
TALONT000504930	TRUE	ENSG00000125962	4	2	FALSE	TALONT000504930	ISM	Known	2	"ENSG00000271147,ENSG00000125962"	1	ENSG00000125962	TALONT000504930	8	50	ENSG00000271147	
TALONT000433367	TRUE	ENSG00000277726	4	2	FALSE	TALONT000433367	ISM	Known	2	"ENSG00000120948,ENSG00000277726"	1	ENSG00000277726	TALONT000433367	4	100	ENSG00000120948	
TALONT000788517	TRUE	ENSG00000231721	3	1	FALSE	TALONT000788517	ISM	Known	2	"ENSG00000231721,ENSG00000285106"	1	ENSG00000231721	TALONT000788517	4	75	ENSG00000226380	
TALONT000411570	TRUE	ENSG00000212127	3	3	FALSE	TALONT000411570	NIC	Known	3	"ENSG00000212127,ENSG00000231887,ENSG00000275778"	1	ENSG00000212127	TALONT000411570	4	75	ENSG00000275778	
TALONT000981293	TRUE	ENSG00000214736	3	2	FALSE	TALONT000981293	ISM	Known	2	"ENSG00000124593,ENSG00000214736"	1	ENSG00000214736	TALONT000981293	4	75	ENSG00000124593	
TALONT000554524	TRUE	ENSG00000250462	3	2	FALSE	TALONT000554524	ISM	Known	2	"ENSG00000214719,ENSG00000250462"	1	ENSG00000250462	TALONT000554524	4	75	ENSG00000214719	
TALONT000654527	TRUE	ENSG00000243554	3	1	FALSE	TALONT000654527	NIC	Known	3	"ENSG00000243554,ENSG00000285725,ENSG00000284707"	1	ENSG00000243554	TALONT000654527	4	75	ENSG00000285725	
TALONT001741404	TRUE	ENSG00000197128	3	2	FALSE	TALONT001741404	NIC	Known	2	"ENSG00000268163,ENSG00000197128"	1	ENSG00000197128	TALONT001741404	4	75	ENSG00000268163	
TALONT000554527	TRUE	ENSG00000250462	3	2	FALSE	TALONT000554527	ISM	Known	2	"ENSG00000214719,ENSG00000250462"	1	ENSG00000250462	TALONT000554527	4	75	ENSG00000214719	
TALONT000579329	TRUE	ENSG00000183336	3	1	FALSE	TALONT000579329	ISM	Known	2	"ENSG00000183336,ENSG00000261740"	1	ENSG00000183336	TALONT000579329	4	75	ENSG00000261740	
TALONT001118811	TRUE	ENSG00000285441	2	2	FALSE	TALONT001118811	ISM	Known	2	"ENSG00000285441,ENSG00000112096"	1	ENSG00000285441	TALONT001118811	2	100	ENSG00000112096	
TALONT001118733	TRUE	ENSG00000285441	2	1	FALSE	TALONT001118733	ISM	Known	2	"ENSG00000112096,ENSG00000285441"	1	ENSG00000285441	TALONT001118733	2	100	ENSG00000112096	
TALONT001116478	TRUE	ENSG00000243509	2	2	FALSE	TALONT001116478	ISM	Known	2	"ENSG00000026036,ENSG00000243509"	1	ENSG00000243509	TALONT001116478	2	100	ENSG00000026036	
TALONT001096012	TRUE	ENSG00000244274	2	2	FALSE	TALONT001096012	ISM	Known	2	"ENSG00000244274,ENSG00000254806"	1	ENSG00000244274	TALONT001096012	2	100	ENSG00000254806	
TALONT000748037	TRUE	ENSG00000205220	2	1	FALSE	TALONT000748037	ISM	Known	2	"ENSG00000261884,ENSG00000205220"	1	ENSG00000205220	TALONT000748037	2	100	ENSG00000261884	
TALONT000737111	TRUE	ENSG00000240382	2	1	FALSE	TALONT000737111	NNC	Known	2	"ENSG00000240382,ENSG00000240040"	1	ENSG00000240382	TALONT000737111	6	33.33333333	ENSG00000243466	
TALONT000736898	TRUE	ENSG00000243290	2	1	FALSE	TALONT000736898	NIC	Known	2	"ENSG00000243290,ENSG00000240040"	1	ENSG00000243290	TALONT000736898	6	33.33333333	ENSG00000243466	
TALONT000736047	TRUE	ENSG00000241351	2	1	FALSE	TALONT000736047	NNC	Known	2	"ENSG00000241351,ENSG00000240040"	1	ENSG00000241351	TALONT000736047	6	33.33333333	ENSG00000243466	
TALONT000736009	TRUE	ENSG00000239951	2	1	FALSE	TALONT000736009	NNC	Known	2	"ENSG00000239951,ENSG00000240040"	1	ENSG00000239951	TALONT000736009	6	33.33333333	ENSG00000243466	
TALONT000736005	TRUE	ENSG00000241755	2	1	FALSE	TALONT000736005	NNC	Known	2	"ENSG00000241755,ENSG00000240040"	1	ENSG00000241755	TALONT000736005	6	33.33333333	ENSG00000243466	
TALONT000736093	TRUE	ENSG00000243238	2	1	FALSE	TALONT000736093	NNC	Known	2	"ENSG00000243238,ENSG00000240040"	1	ENSG00000243238	TALONT000736093	6	33.33333333	ENSG00000242076	
TALONT000736108	TRUE	ENSG00000244116	2	1	FALSE	TALONT000736108	NNC	Known	2	"ENSG00000244116,ENSG00000240040"	1	ENSG00000244116	TALONT000736108	6	33.33333333	ENSG00000242076	
TALONT000736113	TRUE	ENSG00000244437	2	1	FALSE	TALONT000736113	NNC	Known	2	"ENSG00000244437,ENSG00000240040"	1	ENSG00000244437	TALONT000736113	6	33.33333333	ENSG00000243466	
TALONT000736419	TRUE	ENSG00000239855	2	1	FALSE	TALONT000736419	NNC	Known	2	"ENSG00000239855,ENSG00000240040"	1	ENSG00000239855	TALONT000736419	6	33.33333333	ENSG00000253435	
TALONT000690057	TRUE	ENSG00000121716	2	1	FALSE	TALONT000690057	ISM	Known	2	"ENSG00000272752,ENSG00000121716"	1	ENSG00000121716	TALONT000690057	2	100	ENSG00000272752	
TALONT000326914	TRUE	ENSG00000177576	2	1	FALSE	TALONT000326914	ISM	Known	2	"ENSG00000215472,ENSG00000177576"	1	ENSG00000177576	TALONT000326914	2	100	ENSG00000215472	
TALONT000579331	TRUE	ENSG00000183336	2	1	FALSE	TALONT000579331	ISM	Known	2	"ENSG00000183336,ENSG00000261740"	1	ENSG00000183336	TALONT000579331	2	100	ENSG00000261740	
TALONT000473107	TRUE	ENSG00000250251	2	2	FALSE	TALONT000473107	ISM	Known	2	"ENSG00000250251,ENSG00000270580"	1	ENSG00000250251	TALONT000473107	2	100	ENSG00000270580	
TALONT000369757	TRUE	ENSG00000211662	2	2	FALSE	TALONT000369757	NIC	Known	2	"ENSG00000211662,ENSG00000254709"	1	ENSG00000211662	TALONT000369757	6	33.33333333	ENSG00000254709	
TALONT000433378	TRUE	ENSG00000277726	2	1	FALSE	TALONT000433378	ISM	Known	2	"ENSG00000120948,ENSG00000277726"	1	ENSG00000277726	TALONT000433378	2	100	ENSG00000120948	
TALONT000560027	TRUE	ENSG00000145029	2	2	FALSE	TALONT000560027	ISM	Known	2	"ENSG00000145029,ENSG00000283189"	1	ENSG00000145029	TALONT000560027	4	50	ENSG00000283189	
TALONT000874304	TRUE	ENSG00000136450	2	1	FALSE	TALONT000874304	ISM	Known	2	"ENSG00000266086,ENSG00000136450"	1	ENSG00000136450	TALONT000874304	2	100	ENSG00000266086	
TALONT000904832	TRUE	ENSG00000213186	2	1	FALSE	TALONT000904832	ISM	Known	2	"ENSG00000213186,ENSG00000248710"	1	ENSG00000213186	TALONT000904832	2	100	ENSG00000248710	
TALONT000789753	TRUE	ENSG00000184115	1	2	FALSE	TALONT000789753	ISM	Known	3	"ENSG00000273471,ENSG00000184115,ENSG00000257207"	1	ENSG00000184115	TALONT000789753	2	50	ENSG00000273471	
TALONT000909066	TRUE	ENSG00000167985	1	1	FALSE	TALONT000909066	NIC	Known	2	"ENSG00000167985,ENSG00000256591"	1	ENSG00000167985	TALONT000909066	2	50	ENSG00000256591	
TALONT000788355	TRUE	ENSG00000231721	1	1	FALSE	TALONT000788355	ISM	Known	2	"ENSG00000231721,ENSG00000285106"	1	ENSG00000231721	TALONT000788355	2	50	ENSG00000226380	
TALONT000526060	TRUE	ENSG00000167524	1	2	FALSE	TALONT000526060	NIC	Known	2	"ENSG00000258472,ENSG00000167524"	1	ENSG00000167524	TALONT000526060	2	50	ENSG00000258472	
TALONT001048604	TRUE	ENSG00000135316	1	2	FALSE	TALONT001048604	ISM	Known	2	"ENSG00000271793,ENSG00000135316"	1	ENSG00000135316	TALONT001048604	2	50	ENSG00000271793	
TALONT000736525	TRUE	ENSG00000253435	1	1	FALSE	TALONT000736525	NIC	Known	2	"ENSG00000253435,ENSG00000240040"	1	ENSG00000253435	TALONT000736525	6	16.66666667	ENSG00000243466	
TALONT000654365	TRUE	ENSG00000243554	1	2	FALSE	TALONT000654365	NIC	Known	2	"ENSG00000284707,ENSG00000243554"	1	ENSG00000243554	TALONT000654365	8	12.5	ENSG00000284707	
TALONT000654354	TRUE	ENSG00000243554	1	2	FALSE	TALONT000654354	NIC	Known	2	"ENSG00000284707,ENSG00000243554"	1	ENSG00000243554	TALONT000654354	6	16.66666667	ENSG00000284707	
TALONT001178568	TRUE	ENSG00000237517	1	2	FALSE	TALONT001178568	NIC	Known	2	"ENSG00000273032,ENSG00000237517"	1	ENSG00000237517	TALONT001178568	4	25	ENSG00000273032	
TALONT001588187	TRUE	ENSG00000186148	1	3	FALSE	TALONT001588187	ISM	Known	3	"ENSG00000283684,ENSG00000284337,ENSG00000186148"	1	ENSG00000186148	TALONT001588187	2	50	ENSG00000283684	